,Depot,Cliente_1,Cliente_2,Cliente_3,Cliente_4,Cliente_5,Cliente_6,Cliente_7,Cliente_8,Cliente_9,Cliente_10,Cliente_11,Cliente_12,Cliente_13,Cliente_14,Cliente_15,Cliente_16,Cliente_17,Cliente_18,Cliente_19,Cliente_20,Cliente_21,Cliente_22,Cliente_23,Cliente_24,Cliente_25,Cliente_26,Cliente_27,Cliente_28,Cliente_29,Cliente_30,Cliente_31,Cliente_32,Cliente_33,Cliente_34,Cliente_35,Cliente_36,Cliente_37,Cliente_38,Cliente_39,Cliente_40,Cliente_41,Cliente_42,Cliente_43,Cliente_44,Cliente_45,Cliente_46,Cliente_47,Cliente_48,Cliente_49,Cliente_50,Cliente_51,Cliente_52,Cliente_53,Cliente_54,Cliente_55,Cliente_56,Cliente_57,Cliente_58,Cliente_59,Cliente_60,Cliente_61,Cliente_62,Cliente_63,Cliente_64,Cliente_65,Cliente_66,Cliente_67,Cliente_68,Cliente_69,Cliente_70,Cliente_71,Cliente_72,Cliente_73,Cliente_74,Cliente_75,Cliente_76,Cliente_77,Cliente_78,Cliente_79,Cliente_80,Cliente_81,Cliente_82,Cliente_83,Cliente_84,Cliente_85,Cliente_86,Cliente_87,Cliente_88,Cliente_89,Cliente_90,Cliente_91,Cliente_92,Cliente_93,Cliente_94,Cliente_95,Cliente_96,Cliente_97,Cliente_98,Cliente_99,Cliente_100,Cliente_101,Cliente_102,Cliente_103,Cliente_104,Cliente_105,Cliente_106,Cliente_107,Cliente_108,Cliente_109,Cliente_110,Cliente_111,Cliente_112,Cliente_113,Cliente_114,Cliente_115,Cliente_116,Cliente_117,Cliente_118,Cliente_119,Cliente_120,Cliente_121,Cliente_122,Cliente_123,Cliente_124,Cliente_125,Cliente_126,Cliente_127,Cliente_128,Cliente_129,Cliente_130,Cliente_131,Cliente_132,Cliente_133,Cliente_134,Cliente_135,Cliente_136,Cliente_137,Cliente_138,Cliente_139,Cliente_140,Cliente_141,Cliente_142,Cliente_143,Cliente_144,Cliente_145,Cliente_146,Cliente_147,Cliente_148,Cliente_149
Depot,0,11,23,12,17,6,12,14,32,43,28,5,8,29,12,17,11,32,5,28,12,21,24,53,26,7,35,24,22,13,11,7,16,6,27,29,6,36,14,36,22,8,7,28,9,22,38,33,28,12,12,26,10,33,21,25,4,17,12,5,20,22,12,18,38,26,4,20,21,30,32,12,18,16,21,7,32,6,29,48,38,29,30,14,27,13,38,40,27,18,12,36,12,16,11,10,13,46,7,9,12,4,12,11,24,23,26,41,38,15,38,23,11,36,6,29,18,24,8,7,36,38,27,12,17,46,12,7,28,13,42,8,16,14,17,9,12,12,17,11,9,20,9,13,22,20,28,20,23,13
Cliente_1,11,0,22,18,17,12,9,15,34,44,29,11,9,28,9,18,7,33,12,29,10,21,26,54,25,14,36,20,20,11,8,14,17,10,25,30,13,37,14,35,18,8,10,29,16,20,37,34,29,9,9,24,11,34,21,21,10,17,19,11,20,23,9,24,36,27,9,19,22,28,34,9,16,15,21,14,30,7,30,50,37,30,31,16,26,7,37,41,26,17,13,35,14,17,9,12,7,47,8,13,9,10,9,12,26,22,27,42,39,16,36,21,8,37,9,23,20,25,8,14,37,37,33,9,17,48,6,14,29,6,43,9,11,4,17,15,13,9,17,0,9,20,10,6,23,19,26,19,19,7
Cliente_2,24,22,0,24,10,26,20,16,15,24,24,24,23,10,20,24,20,15,25,24,20,9,13,39,12,25,16,12,7,20,23,24,18,23,5,10,26,18,21,15,8,23,25,20,26,7,17,17,21,21,20,6,21,15,8,14,24,9,26,24,10,12,22,36,16,15,21,10,11,8,16,20,8,14,9,25,46,22,10,35,17,19,13,12,6,23,17,21,8,9,22,16,16,12,22,19,21,32,22,23,20,24,20,20,19,6,21,27,20,14,16,5,23,18,25,22,13,19,23,26,18,17,46,20,12,33,20,22,21,19,23,24,23,20,9,28,19,20,10,22,24,7,19,22,14,8,7,9,9,24
Cliente_3,11,19,24,0,18,8,19,15,33,44,29,10,16,30,19,12,19,33,10,29,20,22,25,54,26,9,36,25,23,21,19,5,15,13,28,30,8,37,13,37,23,16,10,28,7,23,39,34,28,19,19,26,16,34,22,26,10,18,3,10,21,23,20,18,39,27,12,20,22,31,33,19,19,18,22,9,40,13,30,50,39,30,30,16,28,21,39,41,28,19,14,37,14,17,19,13,21,47,15,11,19,10,19,14,25,24,27,42,38,16,39,24,19,37,13,30,19,25,13,8,37,39,28,19,18,47,20,7,29,21,43,16,24,22,18,11,14,19,18,19,15,21,13,21,23,21,29,20,24,21
Cliente_4,19,18,8,19,0,21,17,11,15,26,17,20,19,12,17,19,16,15,20,17,16,4,10,35,8,20,18,9,8,16,19,19,12,18,11,15,21,19,16,21,5,19,20,17,21,8,22,16,17,18,17,11,16,16,4,11,19,7,21,20,2,6,18,32,22,12,16,2,6,14,15,17,6,10,4,20,42,18,14,31,22,16,13,8,12,19,22,23,13,6,17,19,11,8,20,15,18,29,18,18,17,19,17,16,14,9,15,23,20,9,22,7,19,19,20,19,8,13,18,22,19,22,41,17,8,29,16,17,17,16,25,19,19,17,7,23,15,17,0,18,19,3,14,18,11,6,12,2,7,20
Cliente_5,6,14,25,10,20,0,15,16,35,45,30,8,10,31,15,16,14,34,5,30,14,24,27,55,28,9,38,26,24,16,14,5,17,9,29,32,4,38,15,39,24,10,5,30,8,24,40,36,30,14,15,28,12,35,23,28,5,20,11,8,22,24,14,17,40,29,7,22,23,32,35,15,21,18,24,9,35,8,31,51,40,31,32,17,29,15,40,42,30,21,14,38,15,18,14,13,15,48,9,11,15,6,15,13,27,26,29,43,40,18,40,25,14,38,8,31,21,26,8,5,38,40,26,15,19,49,14,8,30,16,44,10,18,17,19,8,14,15,20,14,10,23,12,16,24,22,30,22,25,16
Cliente_6,14,12,17,19,13,16,0,9,28,38,25,15,8,24,0,20,10,27,15,24,8,17,20,48,21,17,30,13,15,7,12,17,18,14,20,24,16,31,13,30,11,7,15,24,19,15,32,28,24,5,0,19,6,28,16,15,14,11,21,15,16,17,7,28,32,22,12,16,16,24,28,0,12,6,17,17,37,12,24,44,32,28,25,11,21,15,32,35,21,13,11,31,10,10,6,8,11,41,12,14,0,14,0,8,21,17,23,36,33,9,32,17,12,31,14,19,15,21,13,17,31,32,37,0,9,42,10,17,24,12,37,9,14,12,11,18,8,0,13,12,14,16,10,11,18,14,22,16,13,13
Cliente_7,15,16,16,15,10,16,10,0,25,36,21,15,14,22,10,16,18,25,16,20,15,14,17,46,19,16,28,17,15,15,17,15,12,14,20,22,17,29,13,29,15,13,16,20,17,15,31,26,20,10,10,19,8,26,14,18,15,10,17,15,13,14,15,28,31,19,13,12,14,23,26,10,11,9,14,16,38,13,22,42,31,21,22,7,20,18,31,33,20,11,12,29,4,7,13,8,18,39,14,15,10,15,10,9,17,16,19,34,30,5,31,16,17,29,16,22,11,17,14,18,29,31,37,10,8,39,18,13,20,18,35,14,22,20,9,19,5,10,10,16,15,13,10,19,14,13,21,12,16,19
Cliente_8,33,34,18,33,18,35,30,25,0,16,15,33,32,10,30,33,31,3,34,11,28,18,14,26,12,34,5,26,20,29,33,33,26,32,14,7,35,6,30,10,22,32,34,10,35,20,19,3,8,31,30,17,30,6,21,27,33,22,35,33,17,17,31,45,13,11,30,17,16,14,2,30,21,23,18,34,48,31,7,22,19,8,8,21,14,35,19,10,16,22,30,6,25,21,32,28,32,20,32,32,30,33,30,30,14,20,12,14,8,23,13,17,33,6,34,29,17,13,32,36,6,19,54,30,21,20,31,31,12,31,16,33,35,33,22,37,28,30,18,34,33,20,28,32,16,21,13,17,24,34
Cliente_9,43,35,26,42,29,45,33,34,17,0,28,44,37,22,33,43,32,18,44,24,35,30,27,26,25,43,14,24,26,33,35,42,39,42,20,20,45,13,39,15,24,37,42,23,44,26,21,16,20,34,33,22,34,16,29,22,43,30,44,44,30,30,36,56,11,24,41,31,29,18,18,33,29,31,30,43,37,39,19,22,21,22,22,31,21,35,21,15,20,30,40,13,34,34,37,36,34,20,40,41,33,43,33,36,25,25,20,2,15,33,12,26,35,15,42,17,29,25,40,46,13,21,66,33,31,20,33,41,26,32,3,37,35,33,30,47,35,33,29,35,41,28,37,34,29,27,24,31,24,37
Cliente_10,26,27,20,25,16,27,24,18,13,23,0,26,25,16,24,26,26,12,26,11,24,16,12,33,14,26,15,22,20,24,28,25,19,24,20,14,27,16,22,18,18,25,26,8,27,20,25,13,10,23,24,23,23,13,16,23,25,18,28,26,16,14,26,38,21,11,22,16,15,20,13,24,18,18,16,26,48,24,13,29,25,9,14,14,20,28,25,20,22,19,23,16,18,15,26,21,27,26,24,24,24,25,24,22,6,21,9,21,18,15,21,20,28,16,26,30,11,5,24,28,16,25,47,24,17,26,26,24,6,26,22,25,30,28,18,30,20,24,16,27,26,16,20,27,11,18,19,16,20,29
Cliente_11,7,14,25,11,19,8,14,16,34,44,30,0,10,30,14,15,14,34,8,30,14,23,26,54,27,5,37,26,24,16,14,7,16,4,28,31,8,37,13,38,24,10,10,29,9,24,40,35,29,14,14,27,11,34,23,27,4,19,12,0,21,23,14,21,39,28,5,21,22,31,34,14,20,18,23,5,35,8,30,50,40,31,31,16,29,15,40,41,29,20,11,38,14,18,13,12,15,47,9,4,14,3,14,12,26,25,28,42,39,17,39,24,14,38,9,30,20,26,10,9,38,40,30,14,18,48,14,5,29,16,44,10,18,17,19,12,13,14,19,14,11,22,10,16,23,22,30,21,24,16
Cliente_12,7,7,21,14,16,8,8,12,31,41,26,7,0,27,8,16,7,30,8,26,8,20,23,51,24,10,33,20,20,9,7,10,15,6,25,27,9,34,11,34,18,3,7,26,12,20,36,32,26,7,8,24,8,31,19,22,7,16,15,7,18,20,7,20,36,24,5,18,19,28,31,8,17,13,20,10,30,5,27,47,36,27,28,13,25,11,36,38,25,17,9,34,11,14,6,9,8,44,4,9,8,7,8,9,23,22,24,39,36,14,36,21,7,34,7,26,17,22,5,10,34,36,29,8,15,45,7,10,26,10,40,1,11,10,15,11,10,8,16,7,7,19,7,9,20,18,26,18,19,9
Cliente_13,30,29,12,30,14,32,27,22,9,21,15,30,29,0,27,30,26,8,31,16,25,16,10,31,8,30,12,19,14,26,30,30,23,29,7,5,32,13,27,12,15,29,31,13,32,14,15,10,13,28,27,11,27,9,15,21,30,16,32,30,13,14,28,42,15,8,27,14,12,10,9,27,15,20,16,30,52,28,5,27,15,11,3,18,8,29,15,17,10,15,27,13,22,18,29,25,29,24,28,29,27,30,27,26,14,14,16,19,15,20,15,10,30,13,31,29,15,14,29,32,13,15,51,27,18,24,27,28,13,26,20,30,29,27,16,34,25,27,14,29,30,14,25,29,13,15,6,13,17,31
Cliente_14,14,12,17,19,13,16,0,9,28,38,25,15,8,24,0,20,10,27,15,24,8,17,20,48,21,17,30,13,15,7,12,17,18,14,20,24,16,31,13,30,11,7,15,24,19,15,32,28,24,5,0,19,6,28,16,15,14,11,21,15,16,17,7,28,32,22,12,16,16,24,28,0,12,6,17,17,37,12,24,44,32,28,25,11,21,15,32,35,21,13,11,31,10,10,6,8,11,41,12,14,0,14,0,8,21,17,23,36,33,9,32,17,12,31,14,19,15,21,13,17,31,32,37,0,9,42,10,17,24,12,37,9,14,12,11,18,8,0,13,12,14,16,10,11,18,14,22,16,13,13
Cliente_15,17,19,23,10,17,14,18,14,32,42,28,14,17,29,18,0,20,32,17,28,21,21,24,52,25,13,35,24,22,22,20,12,14,15,26,29,14,36,11,36,22,17,17,27,14,22,38,33,27,17,18,25,14,32,21,25,13,17,13,14,19,21,21,24,37,26,13,19,20,29,32,18,18,16,21,13,40,16,28,48,38,29,29,14,27,20,38,39,27,18,13,36,13,16,20,11,22,45,16,14,18,14,18,12,24,23,26,40,37,15,37,22,20,36,18,28,18,24,16,15,36,38,34,18,16,46,21,10,27,21,42,17,24,22,17,17,12,18,17,19,17,20,11,22,22,20,28,19,22,22
Cliente_16,14,8,19,22,14,16,10,17,30,40,29,14,9,27,10,23,0,30,15,28,5,19,22,50,23,17,33,17,18,8,7,17,23,13,22,27,16,34,18,32,15,8,15,28,19,18,34,31,28,9,10,21,14,30,19,18,14,14,22,14,17,20,8,27,34,24,12,17,18,26,30,10,14,12,19,17,34,12,27,46,34,31,27,15,23,8,34,38,23,14,16,33,18,12,8,16,5,44,11,16,10,14,10,16,25,19,27,38,35,15,34,18,7,34,14,20,19,25,12,17,34,34,36,10,12,44,0,17,28,5,40,9,6,4,13,18,16,10,14,8,14,18,14,6,23,16,24,17,16,8
Cliente_17,33,34,17,32,17,34,30,24,3,18,15,33,32,9,30,33,30,0,34,12,28,18,13,28,12,33,5,25,20,29,32,32,26,31,13,6,34,7,30,9,21,32,33,10,34,20,18,4,9,30,30,17,30,3,20,26,32,22,34,33,16,16,30,45,13,11,29,17,15,14,3,30,20,22,18,33,47,31,7,24,18,8,8,20,14,34,18,11,16,21,30,5,25,20,32,28,31,21,31,32,30,32,30,29,14,19,13,16,9,22,13,16,32,7,33,28,18,14,31,35,7,18,54,30,20,21,31,31,12,31,16,32,35,32,22,37,28,30,17,34,33,20,27,32,16,20,12,16,23,34
Cliente_18,4,13,24,12,18,6,13,15,34,44,29,7,9,30,13,17,12,33,0,29,13,22,26,54,27,8,36,25,23,15,12,7,17,8,28,30,6,37,15,37,23,9,3,29,9,23,39,34,29,13,13,27,11,34,22,27,5,18,12,7,21,23,13,19,39,27,6,21,22,31,34,13,20,17,22,8,34,5,30,50,39,30,31,16,28,14,39,41,28,20,13,37,14,17,12,12,14,47,8,11,13,5,13,12,26,24,27,42,39,16,39,24,12,37,4,30,20,25,7,7,37,39,28,13,18,48,13,8,29,14,43,9,17,16,18,10,13,13,18,13,9,22,10,15,23,21,29,21,24,14
Cliente_19,26,28,20,26,16,28,24,18,12,19,13,26,26,17,24,26,26,12,27,0,24,17,13,28,15,27,14,22,21,25,28,26,20,25,21,15,28,14,23,19,18,26,27,8,28,21,27,11,4,24,24,24,23,14,17,24,26,18,28,26,17,15,26,38,22,13,23,17,17,22,11,24,19,18,17,27,49,24,15,24,27,10,15,15,22,29,27,18,23,20,24,15,18,15,27,22,27,22,24,25,24,26,24,23,8,22,5,17,15,16,22,20,28,14,27,31,11,8,25,29,14,27,48,24,17,22,27,24,12,27,18,26,31,28,18,30,21,24,16,28,26,16,21,28,13,19,20,17,20,30
Cliente_20,13,10,18,20,14,14,8,15,28,38,27,13,8,25,8,22,5,28,14,26,0,17,20,48,21,16,31,15,17,3,6,15,21,12,22,25,14,32,17,32,13,7,12,26,18,17,34,29,26,8,8,21,12,28,17,17,12,12,21,13,16,18,5,26,33,22,11,16,16,25,28,8,14,10,17,16,36,10,25,44,34,29,25,13,22,10,34,35,23,14,15,32,16,10,6,14,6,41,10,15,8,12,8,14,23,19,25,36,33,13,33,18,6,32,12,21,17,23,10,15,32,34,35,8,10,42,6,16,26,7,38,8,10,7,11,17,14,8,14,10,12,16,12,6,21,16,23,16,14,8
Cliente_21,20,20,9,20,5,22,18,12,16,26,18,20,20,12,18,20,17,16,21,18,17,0,10,36,9,21,19,11,9,18,21,20,13,19,13,15,22,20,17,22,7,20,21,17,22,9,24,17,17,18,18,12,17,16,5,12,20,9,22,20,3,6,19,33,24,12,17,2,6,16,16,18,8,11,0,21,43,19,15,32,24,17,14,9,13,20,24,24,15,8,18,20,12,9,21,16,20,30,19,19,18,20,18,17,14,10,16,24,21,10,24,9,21,20,21,20,8,14,19,23,20,24,42,18,9,30,18,18,17,17,26,20,20,18,9,24,15,18,5,20,20,5,15,20,11,7,12,3,9,23
Cliente_22,24,25,15,23,10,25,21,16,13,24,13,24,23,10,21,24,22,13,25,13,19,11,0,33,7,24,16,17,15,20,24,24,17,23,16,10,25,17,21,18,13,23,25,13,26,15,22,14,13,22,21,19,21,14,12,18,23,14,26,24,9,8,21,36,21,7,20,10,6,16,13,21,14,14,11,24,46,22,10,29,22,14,10,12,15,25,22,21,18,14,21,17,16,12,23,19,22,27,22,23,21,23,21,20,10,17,11,21,18,13,21,13,24,17,24,25,9,9,22,26,17,22,45,21,12,27,22,22,13,22,23,23,26,24,13,28,19,21,10,25,24,11,18,23,5,13,12,9,15,25
Cliente_23,51,52,40,50,35,52,48,43,28,25,33,51,50,32,48,51,48,28,52,28,46,36,31,0,30,51,31,44,42,47,51,51,41,50,36,30,52,30,48,35,40,50,52,28,53,42,41,28,24,49,48,39,48,30,39,43,50,41,53,51,35,35,48,63,31,29,48,35,33,36,27,48,41,41,36,51,52,49,30,10,41,26,30,39,36,52,41,34,38,41,48,32,43,39,50,46,50,17,49,50,48,50,48,47,30,42,24,23,31,37,32,39,51,30,51,37,33,30,50,53,30,41,72,48,39,17,49,49,30,49,25,50,53,51,40,55,46,48,35,52,51,38,46,50,34,40,35,35,42,52
Cliente_24,27,26,14,27,12,29,24,19,10,20,14,28,27,6,24,27,25,9,28,14,23,13,8,30,0,28,12,19,18,24,27,27,20,26,12,8,29,13,24,14,16,27,28,12,29,18,19,10,11,25,24,16,25,10,14,21,27,15,29,28,11,11,25,40,19,7,24,11,10,14,10,24,16,17,13,28,50,26,7,26,19,10,7,15,13,27,19,17,14,16,25,13,19,15,27,23,26,23,26,26,24,27,24,24,13,18,15,18,14,17,19,13,27,13,28,27,15,13,26,30,13,19,49,24,15,23,26,26,12,24,19,27,27,25,15,32,23,24,12,26,28,13,22,26,11,16,11,11,18,28
Cliente_25,11,18,21,8,16,8,17,13,31,41,26,6,15,27,17,11,18,30,11,26,19,20,23,51,24,0,34,22,20,20,18,4,13,9,25,28,8,34,10,35,20,15,10,26,7,20,36,32,26,17,17,24,13,31,20,24,6,16,8,6,18,20,19,18,36,25,10,18,19,28,31,17,17,15,20,0,39,13,27,47,36,27,28,13,25,19,36,38,26,17,12,34,11,14,18,11,20,44,14,7,17,6,17,12,23,22,25,39,36,14,36,21,18,34,13,27,17,22,14,8,34,36,28,17,15,45,19,3,26,20,40,15,24,21,15,11,11,17,16,18,16,19,10,20,20,18,26,18,21,20
Cliente_26,36,36,18,36,20,38,33,28,5,13,18,36,35,13,33,36,34,6,37,15,32,23,16,30,15,37,0,26,20,32,36,36,29,35,14,10,38,3,33,7,22,35,37,13,38,20,17,4,12,34,33,17,33,8,22,28,36,23,38,36,20,20,34,48,9,14,33,20,18,13,6,33,22,26,23,37,44,34,10,26,17,11,11,24,15,36,17,8,15,22,34,1,28,24,35,31,35,23,34,35,33,36,33,32,17,19,15,14,6,26,9,19,36,5,37,25,20,17,35,38,5,17,58,33,24,24,34,34,15,33,12,36,36,34,23,40,32,33,20,36,36,21,31,35,19,22,15,20,24,37
Cliente_27,23,17,10,23,10,25,15,15,23,32,22,24,20,18,15,23,15,23,24,22,15,9,15,44,15,24,24,0,5,16,18,23,18,22,13,18,25,25,20,23,4,19,24,22,25,5,23,24,22,16,15,9,16,23,8,8,23,10,25,24,9,12,17,36,22,17,20,9,11,13,24,15,7,11,9,24,44,22,18,40,23,24,21,12,14,18,23,29,10,10,21,23,15,12,17,19,16,37,22,22,15,23,15,18,19,7,21,32,28,14,22,9,18,26,24,16,13,18,22,26,26,23,45,15,12,37,15,22,22,14,31,20,18,16,10,28,15,15,10,17,24,8,18,17,16,6,14,9,2,19
Cliente_28,22,19,7,22,9,24,16,14,20,28,22,22,22,15,16,22,17,19,23,22,16,8,15,43,14,23,20,6,0,17,20,22,17,21,7,15,24,21,19,17,5,20,23,21,24,0,18,21,21,17,16,4,18,20,7,10,22,7,24,22,9,11,18,34,17,16,19,8,10,8,20,16,7,12,8,23,44,20,14,39,18,23,17,10,10,20,18,25,6,7,20,19,14,10,18,18,19,36,20,21,16,22,16,19,18,2,20,31,23,13,17,8,20,22,23,18,12,18,21,25,22,18,44,16,10,36,17,20,21,16,27,22,20,18,7,26,16,16,9,19,22,6,17,19,16,4,12,8,3,21
Cliente_29,13,11,20,21,15,15,6,13,30,40,28,14,8,26,6,22,7,29,14,28,3,18,22,50,23,16,32,17,19,0,8,16,20,12,23,26,15,33,17,33,15,8,12,27,18,19,35,30,28,6,6,22,10,30,18,18,13,13,21,14,18,19,3,26,35,23,11,18,18,26,30,6,15,10,18,16,35,10,26,46,35,30,27,14,24,13,35,37,24,15,15,33,14,12,4,12,8,43,10,16,6,13,6,12,24,20,26,38,34,13,35,20,8,33,12,22,18,24,10,16,33,35,36,6,11,43,8,16,28,9,39,8,12,9,12,17,12,6,15,11,11,17,13,9,22,17,25,18,16,9
Cliente_30,14,8,22,21,18,15,10,16,32,43,31,14,9,29,10,23,4,32,15,31,6,21,24,53,26,17,35,20,21,8,0,16,22,13,25,29,16,36,18,35,18,8,14,30,19,21,37,33,30,9,10,24,13,33,21,21,14,16,22,14,21,22,8,27,36,26,12,21,21,28,32,10,17,14,21,17,34,12,29,48,37,33,30,17,26,10,37,40,26,17,16,36,18,15,8,15,4,46,11,16,10,14,10,15,27,22,29,41,38,17,36,21,0,36,14,23,21,27,12,16,36,37,36,10,14,46,5,17,30,6,42,9,8,6,15,18,15,10,18,8,14,20,14,5,25,19,27,21,19,5
Cliente_31,10,17,21,5,15,6,16,12,30,40,26,7,14,26,16,10,18,30,9,26,18,19,22,50,23,6,33,22,20,20,18,0,12,9,24,27,6,33,10,34,20,14,8,25,5,20,36,31,25,16,16,23,12,30,19,23,6,15,5,7,17,19,18,17,35,24,11,17,18,27,30,16,16,15,19,6,38,11,26,46,36,26,27,12,25,18,36,37,25,16,11,34,10,14,17,10,19,43,13,8,16,7,16,11,22,21,24,38,35,13,35,20,18,33,11,26,16,22,11,6,33,36,26,16,14,44,18,3,25,19,40,14,23,20,15,10,10,16,15,17,13,18,10,20,19,18,26,17,20,19
Cliente_32,16,17,18,14,13,18,17,11,27,34,22,16,15,24,17,13,19,27,17,22,20,14,18,43,20,15,30,19,18,21,19,14,0,15,21,24,18,30,13,31,16,15,17,22,16,18,33,28,22,17,17,21,13,27,14,21,16,13,16,16,14,15,19,27,32,21,13,14,14,24,27,17,15,14,14,15,38,14,23,39,33,23,24,11,22,19,33,34,24,14,14,31,9,12,19,13,20,37,14,15,17,16,17,14,18,19,20,31,32,11,32,17,19,30,17,25,13,18,15,17,30,33,36,17,13,37,19,13,22,19,33,16,23,21,13,20,14,17,13,17,16,13,11,21,16,16,23,14,18,21
Cliente_33,7,12,22,14,16,8,13,13,32,42,27,4,9,28,13,16,12,31,8,27,13,20,24,52,25,8,34,23,21,14,12,9,15,0,26,28,8,35,9,35,21,9,9,26,11,21,37,32,27,12,13,25,9,32,20,24,5,16,14,4,19,21,13,20,37,25,3,19,20,29,32,13,17,15,20,8,33,7,28,48,37,28,29,14,26,13,37,39,26,17,7,35,12,15,12,10,14,45,8,5,13,4,13,10,24,22,25,40,37,14,37,22,12,35,8,28,18,23,8,9,35,37,29,13,16,45,13,7,27,13,41,9,17,14,16,11,11,13,16,12,10,19,6,14,21,19,27,19,22,14
Cliente_34,26,25,6,26,13,28,22,18,13,21,21,27,26,8,22,26,22,12,27,21,22,12,14,36,13,27,13,12,7,23,25,26,20,25,0,8,28,15,23,12,11,26,27,18,28,7,13,14,18,23,22,4,24,13,10,16,26,12,28,27,12,14,24,39,12,13,23,12,13,3,13,22,10,16,12,27,49,25,7,32,13,16,10,15,2,25,13,19,2,11,24,13,18,14,25,22,24,29,25,25,22,26,22,23,19,6,21,24,17,17,12,8,25,15,27,25,16,19,25,29,15,13,48,22,15,30,22,25,18,22,20,26,25,23,12,31,22,22,13,25,27,10,21,24,15,10,5,12,10,26
Cliente_35,29,30,13,28,15,30,26,21,6,20,14,29,28,5,26,29,26,6,30,14,24,16,9,30,9,29,9,21,16,25,29,28,22,28,9,0,30,10,26,10,17,28,30,11,30,16,15,8,11,27,26,12,26,6,16,22,28,18,31,29,14,13,26,41,14,7,26,15,11,10,6,26,16,19,16,29,51,27,1,26,15,9,4,17,10,30,15,14,11,17,26,10,21,17,28,24,27,23,27,28,26,28,26,25,13,15,15,18,12,18,14,12,29,10,29,30,14,13,28,31,10,15,50,26,17,23,27,27,11,27,19,28,31,29,17,33,24,26,15,30,29,15,23,28,12,16,8,14,19,30
Cliente_36,6,14,25,10,20,2,15,16,35,45,30,8,10,31,15,16,14,34,5,30,14,24,27,55,28,9,38,26,24,16,14,5,17,9,29,32,0,38,15,39,24,10,4,30,6,24,40,36,30,14,15,28,12,35,24,28,5,20,11,8,22,24,14,17,40,29,7,22,23,32,35,15,21,18,24,9,35,8,31,51,40,31,32,17,29,15,40,42,30,21,15,38,15,18,14,13,15,48,9,11,15,6,15,13,27,26,29,43,40,18,40,25,14,38,8,31,21,26,7,4,38,40,26,15,19,49,14,8,30,16,44,10,18,16,19,8,14,15,20,14,9,23,12,16,24,22,30,22,25,15
Cliente_37,36,36,19,36,21,38,34,28,5,13,19,37,36,13,34,36,34,6,37,14,32,23,17,30,16,37,2,27,21,33,36,36,29,35,15,10,38,0,33,7,23,36,37,13,38,21,17,4,12,34,34,18,34,8,22,28,36,24,38,37,20,20,34,49,9,15,33,21,19,14,6,34,22,26,23,37,43,35,11,26,17,12,12,24,16,37,17,6,15,23,34,3,28,24,36,32,35,23,35,35,34,36,34,33,17,20,15,14,4,26,9,20,36,3,37,24,20,17,35,39,5,17,58,34,24,24,35,35,16,34,12,36,37,35,23,41,32,34,21,36,37,21,31,35,20,22,15,20,25,38
Cliente_38,12,14,23,16,17,14,13,13,33,43,28,12,12,29,13,17,15,32,13,28,16,22,24,53,26,14,35,22,22,17,15,15,15,10,27,29,14,36,0,36,22,12,13,28,17,22,38,33,28,13,13,26,9,33,21,24,12,17,18,12,20,22,16,26,38,26,9,20,21,30,33,13,18,14,22,14,35,11,29,49,38,29,30,15,27,15,38,40,27,18,3,36,13,16,15,10,17,46,11,10,13,12,13,10,24,23,26,41,38,15,38,23,15,36,13,29,19,24,11,15,36,38,35,13,17,46,16,14,28,16,42,12,19,17,17,17,10,13,17,14,12,20,5,17,22,20,28,20,23,17
Cliente_39,36,35,17,36,23,38,32,28,9,14,21,37,36,12,32,36,32,10,37,19,32,22,18,34,17,37,7,22,17,33,35,36,30,35,12,10,38,8,33,0,21,36,37,15,38,17,14,8,15,33,32,14,34,8,20,26,36,22,38,37,22,21,34,49,7,15,33,22,20,10,10,32,20,26,22,37,44,35,9,30,14,14,12,25,13,35,14,11,12,21,34,6,28,24,35,32,34,27,35,35,32,36,32,33,20,16,19,15,10,27,7,18,35,9,37,25,22,20,35,39,9,14,58,32,25,28,33,35,18,32,13,36,35,33,22,41,32,32,23,35,37,20,31,34,20,20,14,22,20,36
Cliente_40,22,17,7,22,7,24,14,14,20,29,20,22,18,15,14,22,14,20,23,19,13,6,12,41,12,22,21,5,5,14,17,22,15,21,10,15,24,22,19,20,0,17,23,19,24,5,22,21,19,14,14,9,15,20,5,7,22,7,24,22,6,9,15,34,21,14,19,6,8,13,21,14,5,9,6,22,44,20,15,37,22,21,18,10,11,17,22,26,10,7,19,20,14,10,16,17,16,34,20,21,14,22,14,18,16,6,18,29,25,11,21,6,17,23,23,17,10,16,21,24,23,22,43,14,10,34,15,20,19,14,28,18,17,15,7,26,13,14,7,17,22,5,17,16,14,3,12,6,2,18
Cliente_41,10,7,21,17,18,11,5,12,32,42,28,10,3,29,5,19,7,32,11,27,8,21,24,52,25,13,35,18,20,8,7,12,18,9,25,29,11,36,14,34,16,0,10,27,14,20,36,33,27,5,5,24,8,32,21,19,9,16,18,10,20,21,7,23,36,26,8,20,20,28,32,5,16,11,21,13,32,8,28,48,36,28,29,14,25,12,36,39,25,17,12,36,14,14,5,10,8,45,7,12,5,9,5,10,24,21,26,40,37,12,36,21,7,36,10,24,18,24,8,12,36,36,32,5,14,46,8,13,27,10,42,4,11,9,15,14,10,5,18,7,10,20,9,9,21,18,26,20,17,9
Cliente_42,6,14,26,11,20,5,15,17,36,46,31,9,11,32,15,16,14,35,4,31,14,24,28,56,29,10,38,28,25,16,14,6,18,10,30,32,5,39,15,39,25,11,0,30,8,25,41,36,31,15,15,29,13,36,24,29,6,20,11,9,23,25,14,19,41,29,8,23,24,33,36,15,21,19,24,10,34,7,32,52,41,32,33,18,30,15,41,43,30,21,15,39,16,19,14,14,16,49,10,12,15,7,15,14,27,26,29,44,40,18,41,26,14,39,5,31,22,27,7,6,39,41,28,15,20,49,15,9,31,15,45,11,19,16,20,10,14,15,20,14,9,23,12,16,25,23,31,23,26,15
Cliente_43,30,31,19,30,15,32,27,22,9,19,11,31,30,11,27,30,28,8,31,9,26,16,11,29,10,31,12,24,22,26,30,30,23,29,15,9,32,12,27,14,20,30,31,0,32,22,21,10,8,28,27,18,28,9,18,25,30,20,32,31,14,14,28,43,18,8,27,15,13,16,9,27,20,20,16,31,53,29,9,25,21,2,10,18,16,32,21,16,17,21,28,13,22,18,30,26,29,22,29,29,27,30,27,27,10,21,10,17,14,20,17,18,30,12,31,32,14,10,29,33,12,21,52,27,18,23,29,28,8,28,19,30,33,30,20,34,26,27,15,31,30,17,25,29,13,20,14,14,22,31
Cliente_44,8,17,24,8,18,5,17,15,33,44,29,9,13,30,17,14,17,33,8,29,17,22,25,54,26,8,36,25,23,19,17,3,15,11,28,30,5,37,13,37,23,13,7,28,0,23,39,34,28,17,17,26,15,34,22,26,7,18,9,9,21,23,17,20,39,27,10,20,22,31,33,17,19,18,22,8,38,10,30,49,39,30,30,15,28,18,39,41,28,19,14,37,14,17,16,13,18,47,12,10,17,8,17,14,25,24,27,42,38,16,39,24,17,37,10,30,19,25,10,4,37,39,29,17,18,47,17,6,28,18,43,13,21,19,18,11,14,17,18,17,12,21,13,19,23,21,29,20,24,18
Cliente_45,22,19,7,22,9,24,16,14,20,28,22,22,22,15,16,22,17,19,23,22,16,8,15,43,14,23,20,6,0,17,20,22,17,21,7,15,24,21,19,17,5,20,23,21,24,0,18,21,21,17,16,4,18,20,7,10,22,7,24,22,9,11,18,34,17,16,19,8,10,8,20,16,7,12,8,23,44,20,14,39,18,23,17,10,10,20,18,25,6,7,20,19,14,10,18,18,19,36,20,21,16,22,16,19,18,2,20,31,23,13,17,8,20,22,23,18,12,18,21,25,22,18,44,16,10,36,17,20,21,16,27,22,20,18,7,26,16,16,9,19,22,6,17,19,16,4,12,8,3,21
Cliente_46,37,35,18,37,24,39,33,29,18,24,26,38,37,14,33,37,33,17,38,26,33,22,21,41,21,38,16,23,18,34,36,37,31,36,12,13,39,17,34,13,22,37,38,23,39,18,0,17,23,34,33,15,34,18,21,27,37,22,39,38,23,24,35,50,13,19,34,23,23,10,18,33,21,27,22,38,50,36,12,37,0,21,15,26,14,36,0,21,12,22,35,16,29,25,36,33,35,34,36,36,33,37,33,34,25,17,26,25,19,28,13,18,36,19,38,31,26,24,36,40,19,0,59,33,25,35,33,35,23,32,23,37,36,34,22,41,33,33,24,35,37,20,32,35,24,21,16,23,21,37
Cliente_47,35,36,19,35,20,37,32,27,4,15,18,36,35,12,32,35,33,5,36,14,31,21,16,29,14,36,4,26,20,32,35,35,28,34,15,9,37,4,32,8,22,35,36,12,37,20,17,0,11,33,32,17,32,7,22,28,35,23,37,36,19,19,33,48,12,14,32,20,18,14,5,32,22,25,21,36,46,34,10,25,17,11,11,23,15,36,17,8,15,22,33,5,27,23,35,31,34,22,34,34,32,35,32,32,16,20,14,14,5,25,12,19,35,4,36,27,20,16,34,38,4,17,57,32,23,23,34,34,15,33,14,35,36,35,23,40,31,32,20,36,36,21,30,34,18,22,15,19,24,36
Cliente_48,28,33,21,28,17,30,29,20,9,18,14,29,28,13,29,28,30,10,29,6,28,18,13,28,11,29,12,25,24,28,32,28,22,27,17,11,30,11,25,16,22,28,29,9,30,24,23,8,0,30,29,20,26,12,20,27,28,22,30,29,16,16,30,41,20,10,25,16,15,18,8,29,22,22,18,29,49,27,11,23,23,8,12,20,18,34,23,15,19,23,26,12,20,20,32,24,31,21,27,27,29,28,29,25,10,23,8,16,12,18,19,20,32,11,29,30,14,10,27,31,11,23,50,29,20,21,30,26,12,30,17,28,34,32,22,32,23,29,17,33,28,19,23,31,15,22,16,16,24,33
Cliente_49,11,8,21,18,17,13,4,12,31,42,27,12,5,28,4,19,8,31,12,27,9,20,23,52,25,14,34,17,19,8,8,14,18,10,24,28,13,35,13,34,15,4,12,26,16,19,36,32,26,0,4,23,6,32,20,19,11,15,19,12,20,21,7,24,35,25,9,20,20,27,32,4,16,10,20,14,34,9,28,48,36,28,29,13,25,13,36,39,25,17,11,35,13,13,4,8,10,45,7,12,4,11,4,8,23,21,25,40,36,11,35,20,8,35,11,24,17,23,9,14,35,36,34,4,13,45,9,14,26,11,41,6,13,11,14,15,8,4,17,8,11,19,9,10,21,17,26,20,16,10
Cliente_50,14,12,17,19,13,16,0,9,28,38,25,15,8,24,0,20,10,27,15,24,8,17,20,48,21,17,30,13,15,7,12,17,18,14,20,24,16,31,13,30,11,7,15,24,19,15,32,28,24,5,0,19,6,28,16,15,14,11,21,15,16,17,7,28,32,22,12,16,16,24,28,0,12,6,17,17,37,12,24,44,32,28,25,11,21,15,32,35,21,13,11,31,10,10,6,8,11,41,12,14,0,14,0,8,21,17,23,36,33,9,32,17,12,31,14,19,15,21,13,17,31,32,37,0,9,42,10,17,24,12,37,9,14,12,11,18,8,0,13,12,14,16,10,11,18,14,22,16,13,13
Cliente_51,25,23,6,25,12,27,20,17,16,24,25,26,25,12,20,25,21,16,26,25,20,12,17,40,16,26,16,10,4,21,24,25,20,24,4,12,27,18,22,14,9,25,26,21,27,4,15,18,22,21,20,0,22,17,10,14,25,10,27,26,12,14,22,38,14,17,22,12,13,6,17,20,10,15,12,26,48,24,11,36,15,20,14,14,6,24,15,22,4,10,23,16,17,13,22,21,23,33,24,24,20,25,20,22,22,4,25,28,20,16,14,8,24,18,26,22,16,21,24,28,18,15,47,20,13,34,21,23,22,20,24,25,24,22,10,29,20,20,12,23,25,10,20,23,18,8,9,12,7,25
Cliente_52,12,12,21,16,16,14,5,10,31,41,26,12,7,27,5,16,12,30,13,26,11,20,23,51,24,14,34,17,19,10,12,15,15,11,25,28,14,34,10,35,15,7,12,25,17,19,36,32,25,5,5,22,0,31,20,18,12,14,18,12,18,20,10,25,36,25,9,18,19,28,31,5,15,10,20,14,35,10,27,47,36,27,28,12,26,16,36,38,24,17,8,34,11,12,8,5,14,44,7,11,5,12,5,5,22,20,24,39,36,10,36,21,12,34,12,23,16,22,10,15,34,36,34,5,13,45,12,14,25,15,40,6,16,15,14,16,6,5,16,12,11,19,7,14,20,17,26,18,16,13
Cliente_53,32,33,17,32,17,34,29,24,4,16,14,32,31,9,29,32,30,3,33,12,28,17,13,27,11,33,7,24,19,28,32,32,25,31,13,6,34,8,29,8,20,32,33,9,34,19,18,6,9,30,29,16,29,0,20,26,32,21,34,32,16,16,30,44,12,10,29,16,14,13,4,29,20,22,17,33,46,30,6,23,18,7,7,20,13,34,18,12,15,21,30,7,24,20,31,28,31,21,30,31,29,32,29,28,13,19,12,15,10,22,12,16,32,8,33,27,17,13,31,35,8,18,54,29,20,21,30,30,11,30,15,32,34,32,21,36,28,29,17,33,32,19,27,31,15,20,12,16,23,33
Cliente_54,21,20,8,20,6,22,17,13,20,30,18,21,20,14,17,21,18,19,22,18,18,4,11,40,11,22,22,10,8,18,21,21,14,20,11,16,22,23,18,21,6,20,22,18,23,8,23,20,18,18,17,11,18,20,0,11,20,7,23,21,5,8,20,33,22,13,18,5,7,14,20,17,6,12,4,22,43,19,16,36,23,20,17,10,12,21,23,27,14,7,18,22,13,10,19,16,20,33,19,20,17,20,17,17,15,9,17,28,24,10,22,8,21,23,22,20,9,14,20,24,23,23,42,17,10,33,18,19,18,17,29,20,21,18,7,25,16,17,6,20,21,3,16,20,12,6,11,5,8,22
Cliente_55,23,18,9,22,10,24,15,15,23,31,22,23,20,18,15,23,15,22,24,22,14,8,15,43,15,23,23,3,5,15,18,23,17,22,12,18,24,25,20,22,4,18,24,21,25,5,24,24,22,16,15,9,16,23,7,0,22,10,25,23,9,11,16,35,24,17,20,9,10,14,23,15,6,10,8,23,42,21,17,39,24,24,20,11,13,18,24,29,11,9,20,23,15,12,17,18,17,36,21,22,15,22,15,18,18,7,20,31,27,14,24,9,18,25,24,16,12,18,22,25,25,24,44,15,11,37,16,21,22,15,30,20,18,16,9,27,14,15,10,18,23,7,18,17,16,6,14,9,3,19
Cliente_56,6,13,25,10,19,5,14,16,34,44,30,4,10,30,14,14,13,34,5,30,14,23,26,54,27,5,37,26,24,15,13,5,16,4,28,31,5,37,14,38,24,10,6,29,8,24,40,35,29,14,14,27,12,34,23,27,0,19,10,4,21,23,14,18,39,28,5,21,22,31,34,14,20,18,23,5,34,8,30,50,40,30,31,16,29,15,40,41,29,20,12,38,14,18,13,12,15,47,9,7,14,1,14,13,26,25,28,42,39,17,39,24,13,37,8,31,20,26,10,6,38,40,27,14,18,48,14,5,29,15,44,10,18,16,19,8,13,14,19,13,11,22,10,15,23,22,30,21,24,15
Cliente_57,19,15,9,18,4,20,13,9,20,30,20,19,17,18,13,19,13,19,20,20,12,8,15,40,13,20,23,11,8,12,16,19,15,18,12,18,20,25,16,22,8,17,20,20,21,8,24,20,20,14,13,11,15,20,8,12,18,0,21,19,7,11,14,31,24,16,16,7,10,15,20,13,4,6,8,20,42,17,17,36,24,20,17,7,13,16,24,28,13,4,16,23,10,4,16,14,14,33,17,18,13,18,13,15,17,9,18,28,25,7,24,8,16,23,20,16,11,16,18,22,23,24,40,13,4,34,13,17,20,12,29,17,16,14,1,23,12,13,4,15,19,8,14,15,14,6,14,7,8,17
Cliente_58,12,20,25,5,19,8,20,16,34,44,30,11,17,31,20,13,20,34,11,30,21,23,26,54,27,10,37,26,24,22,20,6,16,14,28,31,8,38,14,38,24,17,11,29,8,24,40,35,29,20,20,27,16,34,23,27,10,19,0,11,22,24,21,19,40,28,13,21,22,31,34,20,20,19,23,10,41,14,31,50,40,31,31,16,29,22,40,42,29,20,15,38,15,18,20,14,22,48,16,12,20,11,20,15,26,25,28,42,39,17,39,24,20,38,14,30,20,26,14,9,38,40,28,20,18,48,21,8,29,22,44,17,24,22,19,11,14,20,19,20,15,22,14,22,24,22,30,21,24,22
Cliente_59,7,14,25,11,19,8,14,16,34,44,30,0,10,30,14,15,14,34,8,30,14,23,26,54,27,5,37,26,24,16,14,7,16,4,28,31,8,37,13,38,24,10,10,29,9,24,40,35,29,14,14,27,11,34,23,27,4,19,12,0,21,23,14,21,39,28,5,21,22,31,34,14,20,18,23,5,35,8,30,50,40,31,31,16,29,15,40,41,29,20,11,38,14,18,13,12,15,47,9,4,14,3,14,12,26,25,28,42,39,17,39,24,14,38,9,30,20,26,10,9,38,40,30,14,18,48,14,5,29,16,44,10,18,17,19,12,13,14,19,14,11,22,10,16,23,22,30,21,24,16
Cliente_60,21,21,11,21,6,23,20,13,14,25,19,22,21,11,20,21,18,14,22,19,18,2,9,35,8,22,17,12,11,19,22,21,14,20,14,13,23,18,18,20,8,21,22,17,23,11,24,15,16,19,20,14,18,15,6,14,21,10,23,22,0,7,20,34,24,11,18,3,7,17,15,20,9,12,2,22,44,20,12,31,24,15,12,10,15,22,24,22,16,10,19,18,13,10,22,17,21,28,20,20,20,21,20,18,15,12,17,23,20,11,24,10,22,18,22,21,9,15,20,24,18,24,43,20,10,28,19,19,16,18,24,21,22,19,10,26,16,20,6,21,21,6,16,22,10,9,11,3,10,24
Cliente_61,22,23,13,21,8,23,19,14,18,28,15,22,21,14,19,22,20,17,23,15,17,7,8,38,11,22,21,15,13,18,22,22,14,21,17,14,23,21,19,22,11,21,23,15,24,13,26,19,15,20,19,17,19,18,10,16,21,12,24,22,6,0,19,34,26,12,19,6,4,20,18,19,12,12,7,22,44,20,14,34,26,16,15,10,17,23,26,25,19,12,19,22,14,10,21,17,20,31,20,21,19,21,19,18,12,15,13,26,23,10,26,13,22,21,22,23,4,11,20,24,21,26,43,19,10,32,20,20,15,20,27,21,24,22,11,26,16,19,8,23,22,9,16,21,7,11,15,6,13,23
Cliente_62,13,10,21,20,16,14,7,14,30,41,29,13,7,27,7,21,7,30,14,29,4,19,22,50,24,16,33,18,20,3,7,15,20,12,24,27,14,34,17,34,16,7,11,28,17,20,36,31,28,7,7,23,11,30,19,19,12,14,20,13,19,20,0,26,36,24,10,19,19,27,30,7,16,10,19,16,34,9,27,46,36,31,28,15,25,13,36,38,25,16,15,34,15,13,4,13,8,44,10,15,7,12,7,13,25,21,27,38,35,14,35,20,7,34,11,23,19,25,9,15,34,36,35,7,12,44,7,16,28,10,40,7,11,10,13,17,13,7,16,10,11,18,12,9,23,18,26,19,17,9
Cliente_63,13,22,31,17,25,14,22,22,40,50,36,16,18,37,22,20,22,40,12,36,22,29,32,60,33,16,43,32,30,24,22,13,22,17,34,37,14,44,20,44,30,18,14,35,14,30,46,41,35,22,22,33,20,40,29,33,14,25,17,16,28,30,22,0,46,34,15,27,29,38,40,22,26,25,29,16,43,16,37,56,46,37,37,22,35,23,46,48,35,26,21,44,21,24,21,20,23,54,17,18,22,14,22,21,32,31,34,48,45,23,46,30,22,44,16,36,26,32,15,15,44,46,24,22,24,54,22,14,35,23,50,18,26,24,25,13,20,22,25,22,17,28,19,24,30,28,36,27,30,23
Cliente_64,38,36,19,38,24,40,34,30,13,14,24,38,37,15,34,38,34,13,39,22,34,23,21,31,21,38,9,23,18,34,37,38,32,37,12,13,40,9,35,8,22,37,39,19,40,18,14,12,19,35,34,15,35,12,22,25,38,23,40,38,24,25,36,50,0,19,35,23,23,10,14,34,22,28,23,38,40,36,13,27,14,18,16,26,14,37,14,13,12,23,35,9,30,26,36,33,35,24,36,37,34,38,34,34,24,18,23,14,11,28,1,19,37,11,39,21,27,23,37,40,13,14,59,34,26,24,34,36,22,33,12,38,37,34,23,42,33,34,24,36,38,21,33,36,24,22,17,23,21,38
Cliente_65,25,26,16,24,11,26,22,17,12,23,14,25,24,10,22,25,22,12,26,14,20,12,5,33,8,25,15,18,16,21,24,24,18,24,15,9,26,16,22,17,14,24,26,15,26,16,21,13,14,22,22,18,22,13,12,19,24,14,27,25,10,9,22,37,20,0,21,10,7,16,13,22,14,15,12,25,47,23,9,29,21,13,10,13,16,26,21,20,17,15,22,16,17,12,24,20,23,26,23,24,22,24,22,21,11,18,13,21,18,14,20,14,24,16,25,26,12,11,23,27,16,21,46,22,13,26,23,23,13,23,22,24,27,24,14,29,20,22,11,26,25,12,19,24,8,14,14,10,16,26
Cliente_66,6,11,21,14,15,8,12,12,30,41,26,5,9,27,12,15,12,30,7,26,13,19,22,51,24,9,33,22,20,14,12,9,14,3,25,27,8,34,10,34,20,9,8,26,11,20,36,31,26,11,12,24,8,31,19,24,6,15,14,5,18,20,13,19,36,24,0,18,19,28,30,12,16,14,19,9,32,7,27,46,36,27,28,13,25,12,36,38,25,16,8,34,10,14,12,9,14,44,8,6,12,6,12,9,22,21,24,39,36,13,36,21,12,34,9,27,16,22,7,9,34,36,28,12,15,44,13,8,26,12,40,9,16,14,15,10,10,12,15,11,9,18,7,14,20,18,26,18,21,13
Cliente_67,19,19,10,19,4,21,17,11,15,25,18,20,19,11,17,19,16,14,20,17,16,3,9,35,8,20,17,12,10,16,19,19,13,18,14,14,21,18,16,21,8,19,20,17,21,10,25,15,17,18,17,13,16,15,6,13,19,7,21,20,2,4,18,32,25,11,16,0,5,17,15,17,8,10,3,20,42,18,13,31,25,15,12,8,14,19,25,22,16,8,17,18,11,8,20,15,18,28,18,18,17,19,17,16,14,11,16,23,20,9,25,10,19,18,20,19,8,14,18,22,18,25,41,17,8,28,16,18,17,16,24,19,19,17,7,24,15,17,4,19,20,6,14,18,10,8,11,1,10,20
Cliente_68,18,19,10,18,6,20,15,10,18,29,16,18,18,15,15,18,16,18,19,16,14,6,10,38,12,19,21,11,10,14,18,18,11,17,13,15,20,22,15,23,8,18,19,15,20,10,25,19,16,16,15,13,15,18,6,13,18,8,20,18,6,4,16,30,24,12,15,5,0,16,18,15,8,8,6,19,41,16,15,34,25,17,16,6,14,20,25,26,16,9,16,22,10,6,18,14,17,32,17,17,15,18,15,15,12,11,14,26,23,8,24,9,18,22,19,19,6,12,17,21,22,25,40,15,6,32,16,16,16,16,28,18,20,18,8,22,14,15,6,19,18,5,13,17,10,8,15,5,10,19
Cliente_69,30,28,9,29,16,31,26,22,13,20,21,30,29,10,26,30,25,13,30,21,25,15,16,37,16,30,12,14,9,26,28,29,23,28,3,8,31,14,26,10,14,29,30,18,31,9,10,13,18,26,26,6,27,13,13,18,29,15,31,30,15,17,27,42,9,14,26,15,16,0,14,26,14,20,15,30,46,28,8,33,10,16,11,18,5,28,10,18,3,14,27,12,22,18,28,25,27,30,28,28,26,29,26,26,20,8,22,21,16,20,9,11,28,14,30,26,19,20,28,32,14,10,51,26,18,30,26,28,18,25,19,29,28,26,15,34,25,26,16,28,30,13,24,27,19,12,8,15,11,29
Cliente_70,32,34,17,32,17,34,30,24,2,16,15,33,32,10,30,32,30,3,33,11,28,18,13,26,12,33,5,25,20,29,32,32,25,31,13,6,34,6,29,10,21,32,33,9,34,20,19,3,8,30,30,17,30,5,20,27,32,22,34,33,16,16,30,45,13,11,29,17,15,14,0,30,21,22,18,33,48,31,7,22,19,8,8,20,14,34,19,10,16,21,30,6,24,20,32,28,31,19,31,31,30,32,30,29,13,19,11,14,7,22,13,16,32,6,33,28,17,13,31,35,6,19,54,30,20,20,31,31,12,31,15,32,35,32,22,37,28,30,17,34,33,20,27,31,16,21,12,16,23,34
Cliente_71,14,12,17,19,13,16,0,9,28,38,25,15,8,24,0,20,10,27,15,24,8,17,20,48,21,17,30,13,15,7,12,17,18,14,20,24,16,31,13,30,11,7,15,24,19,15,32,28,24,5,0,19,6,28,16,15,14,11,21,15,16,17,7,28,32,22,12,16,16,24,28,0,12,6,17,17,37,12,24,44,32,28,25,11,21,15,32,35,21,13,11,31,10,10,6,8,11,41,12,14,0,14,0,8,21,17,23,36,33,9,32,17,12,31,14,19,15,21,13,17,31,32,37,0,9,42,10,17,24,12,37,9,14,12,11,18,8,0,13,12,14,16,10,11,18,14,22,16,13,13
Cliente_72,19,16,6,19,6,21,14,11,20,29,21,20,19,15,14,19,14,20,20,21,14,7,14,42,14,20,21,8,5,14,17,19,15,18,10,15,21,22,16,20,5,17,20,20,21,5,22,22,20,15,14,9,16,20,6,10,19,5,21,20,8,10,16,32,21,16,16,8,9,13,21,14,0,9,7,20,42,18,15,38,22,22,18,8,11,17,22,26,10,4,17,20,11,7,16,15,16,35,18,18,14,19,14,16,17,6,19,30,24,10,21,6,17,23,20,16,11,17,18,22,23,22,41,14,8,36,14,18,20,13,28,18,17,14,4,24,13,14,6,16,20,4,14,16,15,3,12,8,6,18
Cliente_73,18,16,14,17,9,19,8,8,23,34,21,18,13,20,8,18,11,23,18,21,9,12,15,43,16,18,26,12,12,9,13,18,16,17,17,20,19,27,15,27,10,12,18,20,20,12,29,24,20,9,8,16,10,23,12,13,17,7,20,18,12,13,11,30,28,17,15,12,12,20,23,8,9,0,12,18,40,16,20,39,29,24,20,8,18,16,29,31,18,9,14,27,10,6,10,10,12,37,16,17,8,17,8,12,17,14,19,31,28,7,28,13,13,27,18,19,11,17,16,20,27,29,39,8,5,37,11,16,20,13,33,13,16,13,6,22,7,8,9,16,17,11,13,12,16,11,18,12,11,14
Cliente_74,20,20,9,20,5,22,18,12,16,26,18,20,20,12,18,20,17,16,21,18,17,0,10,36,9,21,19,11,9,18,21,20,13,19,13,15,22,20,17,22,7,20,21,17,22,9,24,17,17,18,18,12,17,16,5,12,20,9,22,20,3,6,19,33,24,12,17,2,6,16,16,18,8,11,0,21,43,19,15,32,24,17,14,9,13,20,24,24,15,8,18,20,12,9,21,16,20,30,19,19,18,20,18,17,14,10,16,24,21,10,24,9,21,20,21,20,8,14,19,23,20,24,42,18,9,30,18,18,17,17,26,20,20,18,9,24,15,18,5,20,20,5,15,20,11,7,12,3,9,23
Cliente_75,11,18,21,8,16,8,17,13,31,41,26,6,15,27,17,11,18,30,11,26,19,20,23,51,24,0,34,22,20,20,18,4,13,9,25,28,8,34,10,35,20,15,10,26,7,20,36,32,26,17,17,24,13,31,20,24,6,16,8,6,18,20,19,18,36,25,10,18,19,28,31,17,17,15,20,0,39,13,27,47,36,27,28,13,25,19,36,38,26,17,12,34,11,14,18,11,20,44,14,7,17,6,17,12,23,22,25,39,36,14,36,21,18,34,13,27,17,22,14,8,34,36,28,17,15,45,19,3,26,20,40,15,24,21,15,11,11,17,16,18,16,19,10,20,20,18,26,18,21,20
Cliente_76,38,33,49,44,44,39,38,42,60,53,56,38,36,56,38,45,37,60,39,56,38,48,52,60,53,41,55,47,48,39,37,40,44,37,52,57,39,54,41,55,45,36,36,56,42,48,64,61,56,38,38,52,38,61,48,48,37,44,46,38,47,50,38,51,51,54,36,47,49,56,60,38,44,43,48,41,0,34,57,56,64,57,58,42,53,34,64,56,53,44,40,54,40,44,37,38,37,53,34,39,38,37,38,39,52,49,54,51,56,43,52,49,37,57,36,46,46,52,34,40,59,64,60,38,44,53,37,41,56,35,52,36,38,36,44,42,40,38,44,33,36,47,37,39,50,46,54,47,46,36
Cliente_77,6,9,23,14,17,8,11,14,32,43,28,8,8,29,11,17,11,32,5,28,10,21,24,53,26,9,35,23,22,11,11,9,16,7,27,29,8,36,14,36,22,8,4,28,11,22,38,33,28,11,11,26,10,33,21,25,6,17,14,8,20,22,10,19,38,26,5,20,21,30,33,11,18,16,21,9,30,0,29,49,38,29,30,15,27,10,38,40,27,18,12,36,13,16,10,11,12,46,7,10,11,6,11,11,24,23,26,41,38,15,38,23,11,36,3,27,19,24,2,9,36,38,28,11,17,46,11,9,28,11,42,8,15,12,17,10,12,11,17,9,4,20,9,13,22,20,28,20,23,10
Cliente_78,28,29,12,28,14,30,25,20,5,19,14,28,28,5,25,28,26,5,29,14,24,15,9,29,8,29,8,20,15,24,28,28,21,27,9,1,30,9,25,9,16,28,29,10,30,15,14,7,11,26,25,12,25,5,16,22,28,17,30,28,13,12,26,40,13,6,25,14,10,9,6,25,16,18,15,29,50,26,0,25,14,9,3,16,9,30,14,13,11,16,26,9,20,16,27,24,27,22,26,27,25,28,25,25,12,14,14,17,11,18,13,12,28,9,29,29,13,12,27,31,9,14,50,25,16,23,26,26,11,26,18,28,30,28,17,32,24,25,14,29,28,15,23,27,11,16,8,13,18,29
Cliente_79,45,46,33,44,29,46,42,37,22,19,27,45,44,26,42,45,42,22,46,22,40,30,25,11,24,45,24,38,36,41,44,44,35,43,30,24,46,24,42,29,34,44,45,22,46,36,35,21,18,42,42,33,42,24,32,37,44,34,46,45,28,29,42,57,25,23,41,29,27,30,21,42,34,35,30,45,46,43,23,0,35,20,24,33,30,46,35,28,32,35,42,25,37,32,44,40,43,11,43,44,42,44,42,41,24,35,18,17,25,31,26,32,44,24,45,31,27,23,43,47,24,35,66,42,32,11,43,43,24,43,18,44,47,44,34,49,40,42,29,46,45,32,39,44,28,34,28,28,36,46
Cliente_80,37,35,18,37,24,39,33,29,18,24,26,38,37,14,33,37,33,17,38,26,33,22,21,41,21,38,16,23,18,34,36,37,31,36,12,13,39,17,34,13,22,37,38,23,39,18,0,17,23,34,33,15,34,18,21,27,37,22,39,38,23,24,35,50,13,19,34,23,23,10,18,33,21,27,22,38,50,36,12,37,0,21,15,26,14,36,0,21,12,22,35,16,29,25,36,33,35,34,36,36,33,37,33,34,25,17,26,25,19,28,13,18,36,19,38,31,26,24,36,40,19,0,59,33,25,35,33,35,23,32,23,37,36,34,22,41,33,33,24,35,37,20,32,35,24,21,16,23,21,37
Cliente_81,31,32,20,31,16,32,28,23,10,20,12,31,30,12,28,31,29,9,32,9,26,16,12,30,10,32,12,24,23,27,31,31,24,30,16,10,32,13,28,14,20,30,32,3,33,23,21,10,7,29,28,19,28,10,19,26,30,21,33,31,15,15,28,43,18,9,28,15,13,16,10,28,21,21,16,32,53,29,10,26,21,0,10,19,16,32,21,17,18,22,28,13,23,19,30,26,30,23,29,30,28,30,28,28,10,22,10,18,15,18,18,19,31,13,32,32,14,10,30,34,13,21,52,28,19,24,29,29,9,29,19,30,33,31,20,35,26,28,16,32,31,18,26,30,14,20,15,15,22,32
Cliente_82,30,31,14,30,15,32,27,22,7,21,16,30,30,2,27,30,28,7,31,16,26,17,11,31,9,31,10,21,16,26,30,30,23,29,10,3,32,11,27,11,17,30,31,12,32,16,15,9,13,28,27,13,27,8,17,23,30,18,32,30,15,14,28,42,15,8,27,16,12,10,8,27,17,20,17,31,52,28,4,27,15,11,0,18,10,31,15,16,12,18,28,11,22,18,29,26,29,24,28,29,27,30,27,27,14,16,16,19,13,20,15,12,30,12,31,31,15,14,29,33,12,15,52,27,18,25,28,28,13,28,20,30,31,29,18,34,26,27,15,31,30,16,25,29,13,17,8,15,19,31
Cliente_83,16,16,10,16,5,18,12,7,20,30,16,16,16,16,12,16,13,19,17,16,11,9,12,40,13,17,22,11,9,12,15,16,12,15,14,16,18,23,13,24,9,16,17,16,18,9,26,20,16,13,12,13,12,20,8,13,16,5,18,16,7,9,13,29,25,13,13,7,8,17,20,12,6,5,9,17,39,15,16,36,26,17,17,0,14,16,26,27,14,6,14,23,8,3,15,12,14,33,15,15,12,16,12,13,13,11,15,28,25,4,25,10,15,23,17,16,7,12,15,19,23,26,38,12,4,34,14,14,16,13,29,16,16,14,4,20,10,12,5,16,16,8,11,14,10,8,15,7,10,17
Cliente_84,27,25,7,27,14,29,23,19,13,22,21,28,27,8,23,27,23,12,28,21,23,12,15,36,14,28,13,16,9,23,26,27,21,26,2,8,29,15,24,12,12,27,28,18,29,9,14,14,18,24,23,6,24,13,11,17,27,12,29,28,13,15,25,40,14,14,24,13,14,5,13,23,11,17,12,28,50,26,8,32,14,16,10,15,0,26,14,19,5,12,25,13,19,15,25,23,25,30,26,26,23,27,23,24,20,9,22,24,17,18,14,8,26,16,28,26,16,19,26,30,16,14,49,23,15,30,23,25,18,22,21,27,26,24,12,31,22,23,14,25,27,10,22,25,16,11,5,13,12,27
Cliente_85,14,7,19,21,14,16,13,18,30,40,30,14,12,26,13,22,7,29,15,29,10,18,24,50,23,17,33,17,18,13,11,17,20,13,22,28,16,35,18,32,15,12,13,29,19,18,34,30,29,13,13,22,14,30,18,18,14,14,22,14,17,21,12,27,34,26,12,17,20,26,30,13,14,17,18,17,30,10,27,46,34,30,29,16,23,0,34,38,23,14,16,33,17,17,12,15,10,43,11,16,13,14,13,15,26,19,28,38,35,19,34,19,11,33,12,20,20,26,10,17,33,34,36,13,17,44,7,17,29,4,39,12,8,7,14,18,16,13,14,7,12,17,13,9,23,16,24,17,16,12
Cliente_86,37,35,18,37,24,39,33,29,18,24,26,38,37,14,33,37,33,17,38,26,33,22,21,41,21,38,16,23,18,34,36,37,31,36,12,13,39,17,34,13,22,37,38,23,39,18,0,17,23,34,33,15,34,18,21,27,37,22,39,38,23,24,35,50,13,19,34,23,23,10,18,33,21,27,22,38,50,36,12,37,0,21,15,26,14,36,0,21,12,22,35,16,29,25,36,33,35,34,36,36,33,37,33,34,25,17,26,25,19,28,13,18,36,19,38,31,26,24,36,40,19,0,59,33,25,35,33,35,23,32,23,37,36,34,22,41,33,33,24,35,37,20,32,35,24,21,16,23,21,37
Cliente_87,41,41,24,40,25,42,38,32,10,16,23,41,40,18,38,41,38,11,42,18,36,26,21,34,20,41,7,32,25,37,40,40,34,39,20,15,42,5,38,12,28,40,41,18,42,25,22,8,15,38,38,22,38,13,27,33,40,28,42,41,24,25,38,53,13,19,37,25,23,18,10,38,27,30,26,41,47,39,16,30,22,16,17,28,20,42,22,0,20,28,38,8,33,28,40,36,39,27,39,40,38,40,38,37,21,25,19,16,5,30,13,24,40,6,41,28,24,20,39,43,8,22,62,38,28,27,39,39,20,38,15,40,42,40,28,45,36,38,25,41,41,26,35,40,24,27,20,24,30,42
Cliente_88,27,25,8,26,14,28,22,19,15,22,23,27,26,10,22,27,22,14,28,23,22,13,16,38,15,27,14,11,6,22,26,27,22,26,2,10,28,16,24,12,11,26,28,20,29,6,12,15,20,23,22,3,24,15,12,15,26,12,29,27,13,16,24,39,11,16,24,13,15,2,16,22,12,17,13,27,49,25,10,34,12,18,13,15,5,26,12,20,0,12,24,14,19,15,24,22,24,32,25,26,22,26,22,23,22,6,24,23,18,17,11,10,26,16,28,23,17,22,26,29,16,12,48,22,15,32,23,25,20,22,21,26,26,23,12,31,21,22,14,25,27,12,22,24,18,9,7,13,8,27
Cliente_89,18,16,8,18,5,20,15,10,22,30,20,18,18,17,15,18,14,21,19,20,14,7,14,40,13,19,22,10,7,14,17,18,14,17,12,17,20,24,15,21,7,18,19,20,20,7,23,21,20,16,15,11,15,22,7,12,18,3,20,18,7,11,16,30,23,16,15,7,10,15,20,15,3,8,7,19,41,17,16,36,23,21,19,6,12,17,23,28,12,0,16,22,10,6,18,14,16,34,17,17,15,18,15,15,16,8,18,28,26,9,23,8,17,24,19,16,10,16,17,21,24,23,40,15,6,34,14,16,20,13,30,18,17,14,3,22,14,15,5,16,18,4,13,16,14,5,13,7,8,18
Cliente_90,12,13,21,15,16,13,11,12,31,41,26,10,11,27,11,16,14,30,12,26,15,20,23,51,24,12,34,22,20,16,14,13,15,8,25,28,13,34,3,35,20,11,12,26,16,20,36,32,26,11,11,24,7,31,19,24,11,16,18,10,18,20,15,25,36,25,8,18,19,28,31,11,17,15,20,12,34,10,27,47,36,27,28,13,25,14,36,38,26,17,0,34,11,14,14,9,16,44,10,7,11,11,11,8,23,22,25,39,36,14,36,21,14,34,12,27,17,22,10,14,34,36,34,11,15,45,15,11,26,15,40,11,18,16,15,16,10,11,16,13,12,19,3,16,20,18,26,18,21,16
Cliente_91,37,35,18,36,23,38,33,29,6,12,19,37,36,12,33,37,32,6,38,16,32,22,17,31,16,37,2,25,19,33,35,36,30,36,14,10,38,3,34,6,21,36,38,14,38,19,16,5,13,34,33,16,34,7,21,27,36,22,39,37,22,21,34,49,8,15,34,22,19,12,7,33,21,27,22,37,43,35,9,27,16,12,12,25,14,35,16,8,14,21,34,0,29,25,36,32,34,24,35,36,33,36,33,33,18,18,16,13,6,26,8,18,35,6,37,24,22,18,36,39,6,16,58,33,25,25,33,35,16,32,11,36,35,33,22,41,32,33,23,35,37,20,31,34,20,21,14,22,23,37
Cliente_92,16,17,16,15,10,17,12,3,26,36,21,16,15,22,12,16,18,25,16,21,16,14,18,46,19,16,28,17,15,17,18,16,12,15,20,22,17,29,13,29,15,14,16,21,18,15,31,26,21,12,12,19,10,26,14,18,15,10,18,16,13,15,17,28,31,19,13,13,14,23,26,12,11,10,14,16,38,14,22,42,31,22,23,8,20,18,31,33,20,11,12,29,0,7,14,8,19,39,14,15,12,15,12,9,18,16,19,34,31,5,31,16,18,29,16,22,12,17,14,18,29,31,37,12,10,39,19,14,21,19,35,15,22,20,10,20,8,12,10,17,16,13,11,20,15,13,21,13,16,20
Cliente_93,18,17,12,17,7,19,11,6,22,32,17,18,15,18,11,18,12,21,19,17,10,11,14,42,15,18,25,13,10,10,14,17,14,16,15,18,19,25,15,25,10,15,18,16,20,10,26,23,17,12,11,14,12,22,10,15,17,5,20,18,10,10,12,30,26,16,14,10,10,18,22,11,7,4,11,18,40,16,18,38,26,18,19,3,16,17,26,29,16,7,15,25,7,0,14,12,13,35,16,17,11,17,11,13,13,12,15,30,27,4,26,11,14,25,18,18,8,13,16,20,25,26,39,11,4,36,13,16,17,14,31,15,17,14,4,22,9,11,7,17,18,10,12,13,11,9,16,10,11,15
Cliente_94,12,9,22,20,17,14,5,12,31,42,27,12,6,28,5,22,7,31,13,27,5,20,23,52,24,15,34,17,19,4,7,15,20,11,25,28,14,35,16,35,15,5,12,27,17,19,37,32,27,5,5,23,8,32,20,19,12,15,20,12,20,21,3,25,36,25,10,20,20,28,31,5,16,10,20,15,34,10,28,47,37,32,28,14,26,13,37,39,25,17,14,35,13,14,0,11,9,45,9,14,5,12,5,11,24,21,25,40,36,11,36,21,7,35,12,23,18,23,10,15,35,37,34,5,13,45,8,15,27,10,41,7,12,10,14,16,10,5,17,9,12,19,12,9,21,18,27,20,16,10
Cliente_95,10,12,19,13,13,12,7,10,28,39,24,10,9,25,7,14,14,28,11,24,13,17,20,49,22,12,31,19,18,12,14,13,12,8,23,25,12,32,7,32,18,10,11,24,15,18,34,29,24,7,7,22,3,29,17,20,10,13,15,10,16,18,12,24,34,22,6,16,17,26,28,7,14,12,17,12,33,9,25,44,34,25,26,10,23,14,34,36,23,14,6,32,8,12,10,0,15,42,8,8,7,10,7,2,20,19,22,37,34,11,34,19,14,32,11,25,14,20,9,13,32,34,33,7,13,42,14,12,24,14,38,10,18,15,13,15,7,7,13,12,10,16,4,16,18,16,24,16,19,15
Cliente_96,14,7,22,21,17,16,10,16,31,41,30,14,9,28,10,24,3,31,15,30,6,20,23,51,24,17,34,18,20,9,4,16,23,13,25,28,16,34,18,35,16,8,14,29,19,20,36,32,29,9,10,24,13,31,20,20,14,15,22,14,20,20,8,27,36,25,12,19,20,28,31,10,17,13,20,17,34,12,28,47,36,32,28,16,26,8,36,38,26,17,16,35,18,14,8,15,0,44,11,16,10,14,10,15,26,22,28,39,36,16,36,21,4,34,14,23,20,26,12,16,35,36,36,10,13,45,3,17,29,5,41,9,8,3,14,18,15,10,17,7,14,19,14,1,24,19,26,19,18,5
Cliente_97,42,43,31,42,26,43,39,34,19,16,24,42,41,23,39,42,40,20,43,19,37,27,22,16,21,42,22,35,34,38,42,42,32,41,27,21,44,21,39,26,31,41,43,19,44,34,32,19,16,40,39,30,39,22,30,34,42,32,44,42,26,26,40,54,22,20,39,26,24,27,18,39,32,32,27,42,43,40,21,12,32,17,21,30,27,44,32,25,29,32,39,23,34,30,41,37,41,0,40,41,39,42,39,38,21,33,16,14,23,28,23,30,42,21,43,28,24,21,41,44,21,32,63,39,30,6,40,40,21,40,16,42,44,42,32,46,37,39,26,43,42,29,37,41,25,32,26,26,33,43
Cliente_98,7,11,21,14,15,8,10,12,30,41,26,7,5,27,10,16,11,30,8,26,12,19,22,51,24,10,33,22,20,13,11,9,15,6,25,27,8,34,11,34,20,6,9,26,12,20,36,31,26,9,10,24,7,31,19,24,6,15,15,7,18,20,12,20,36,24,4,18,19,28,31,10,16,14,19,10,32,6,27,47,36,27,28,13,25,12,36,38,25,16,9,34,10,14,9,9,12,44,0,9,10,6,10,9,22,21,24,39,36,13,36,21,11,34,9,27,16,22,8,9,34,36,29,10,15,44,11,10,26,13,40,5,15,14,15,11,10,10,15,11,8,18,6,13,20,18,26,18,21,13
Cliente_99,10,13,23,12,17,11,14,14,32,43,28,4,12,29,14,15,15,32,11,28,15,21,24,52,26,6,35,24,22,17,15,8,16,4,26,29,11,36,10,36,22,12,12,27,10,22,38,33,28,13,14,26,10,33,21,25,7,17,12,4,20,22,15,23,38,26,6,20,21,30,32,14,18,16,21,6,34,9,29,48,38,29,30,14,27,14,38,40,27,18,8,36,12,16,14,10,16,46,10,0,14,7,14,11,24,23,26,40,38,15,38,23,15,36,12,29,18,24,10,12,36,38,32,14,16,46,17,5,28,15,42,12,19,16,17,15,12,14,17,13,11,20,7,17,22,20,28,20,23,16
Cliente_100,14,12,17,19,13,16,0,9,28,38,25,15,8,24,0,20,10,27,15,24,8,17,20,48,21,17,30,13,15,7,12,17,18,14,20,24,16,31,13,30,11,7,15,24,19,15,32,28,24,5,0,19,6,28,16,15,14,11,21,15,16,17,7,28,32,22,12,16,16,24,28,0,12,6,17,17,37,12,24,44,32,28,25,11,21,15,32,35,21,13,11,31,10,10,6,8,11,41,12,14,0,14,0,8,21,17,23,36,33,9,32,17,12,31,14,19,15,21,13,17,31,32,37,0,9,42,10,17,24,12,37,9,14,12,11,18,8,0,13,12,14,16,10,11,18,14,22,16,13,13
Cliente_101,6,13,24,11,18,6,13,15,34,44,29,3,9,30,13,15,13,33,6,29,13,23,26,54,27,5,36,25,23,15,13,6,16,4,28,30,6,37,13,38,23,9,8,29,9,23,39,34,29,13,13,27,11,34,22,27,1,18,12,3,21,23,13,19,39,28,5,21,22,31,34,13,20,17,23,5,34,8,30,50,39,30,31,16,28,14,39,41,28,20,11,37,14,17,12,12,14,47,8,7,13,0,13,12,26,24,28,42,39,16,39,24,13,37,7,30,20,25,9,7,37,39,28,13,18,48,13,5,29,14,43,9,17,16,18,10,13,13,18,13,10,22,10,15,23,21,29,21,24,14
Cliente_102,14,12,17,19,13,16,0,9,28,38,25,15,8,24,0,20,10,27,15,24,8,17,20,48,21,17,30,13,15,7,12,17,18,14,20,24,16,31,13,30,11,7,15,24,19,15,32,28,24,5,0,19,6,28,16,15,14,11,21,15,16,17,7,28,32,22,12,16,16,24,28,0,12,6,17,17,37,12,24,44,32,28,25,11,21,15,32,35,21,13,11,31,10,10,6,8,11,41,12,14,0,14,0,8,21,17,23,36,33,9,32,17,12,31,14,19,15,21,13,17,31,32,37,0,9,42,10,17,24,12,37,9,14,12,11,18,8,0,13,12,14,16,10,11,18,14,22,16,13,13
Cliente_103,12,14,20,14,14,13,7,8,30,40,25,11,8,26,7,15,13,29,13,25,12,18,22,50,23,13,32,18,19,11,13,14,14,10,24,26,13,33,8,33,16,9,12,25,16,19,35,30,25,6,7,23,3,30,18,20,11,14,16,11,17,19,12,25,35,23,8,17,18,27,30,7,16,10,18,13,34,10,26,46,35,26,27,12,24,15,35,37,24,16,7,33,10,12,9,3,16,43,9,10,7,11,7,0,22,20,23,38,35,10,35,20,13,33,12,24,16,21,10,14,33,35,34,7,14,44,14,13,25,15,39,9,18,17,14,16,6,7,14,14,12,18,5,16,19,17,25,17,17,15
Cliente_104,22,24,17,22,13,24,20,14,13,20,7,23,22,15,20,22,22,13,23,9,20,13,9,30,13,23,16,18,17,21,25,22,16,21,19,13,24,16,19,19,15,22,23,8,24,17,25,13,8,20,20,20,20,14,13,20,22,15,24,23,13,11,22,35,22,9,19,13,13,20,12,20,15,15,13,23,45,21,13,26,25,10,14,11,20,25,25,20,21,16,20,17,14,12,23,18,24,23,21,21,20,22,20,19,0,18,7,18,17,12,22,16,25,16,23,26,8,2,21,25,15,25,44,20,14,24,23,20,7,23,20,22,27,25,14,26,17,20,13,24,22,12,17,24,9,15,18,13,17,26
Cliente_105,23,21,6,23,10,24,18,15,19,27,23,23,22,14,18,23,19,19,24,22,18,9,16,43,15,24,19,7,2,18,22,23,18,22,7,14,25,21,20,17,7,22,24,22,25,2,18,21,22,19,18,4,20,19,8,12,22,8,25,23,10,12,20,35,17,17,20,9,11,8,20,18,8,13,9,24,45,21,14,39,18,23,17,11,9,22,18,24,6,8,20,19,15,11,20,18,20,36,21,22,18,22,18,20,19,0,21,31,23,14,17,8,22,21,24,19,13,19,22,26,21,18,44,18,11,37,19,21,22,18,26,22,22,19,8,27,18,18,10,21,23,7,18,21,16,5,11,9,5,23
Cliente_106,26,28,23,26,17,28,24,18,11,15,13,27,26,15,24,26,27,12,27,8,24,17,15,25,13,27,14,22,21,25,29,26,20,25,19,13,28,13,23,18,19,26,27,11,28,21,25,11,8,24,24,22,24,14,17,24,26,19,28,27,17,15,26,39,21,12,23,17,17,20,10,24,19,19,17,27,47,25,13,21,25,10,14,15,20,29,25,17,21,20,24,15,18,16,27,22,28,18,25,25,24,26,24,23,8,22,0,13,15,16,22,20,29,14,27,27,12,8,25,29,13,25,48,24,18,19,27,24,12,27,14,26,31,29,18,30,21,24,17,28,26,16,21,28,13,19,18,17,21,30
Cliente_107,45,37,26,45,30,46,34,37,16,2,27,45,39,20,34,45,34,17,46,23,36,30,26,28,24,46,13,26,27,35,37,45,38,44,22,18,47,12,42,14,26,39,44,22,47,27,23,15,19,36,34,24,36,15,29,24,45,31,47,45,29,29,38,58,12,23,42,31,28,20,17,34,29,35,30,46,38,41,18,24,23,21,21,33,23,37,23,14,21,30,43,12,37,33,38,41,36,22,42,44,34,45,34,38,24,27,19,0,14,32,13,27,37,14,44,19,28,24,42,48,12,23,67,34,33,22,35,43,25,34,2,39,37,35,30,49,37,34,30,37,43,28,40,36,28,29,22,29,26,38
Cliente_108,38,39,22,38,22,39,35,30,8,13,20,38,37,16,35,38,36,9,39,16,33,23,18,29,17,38,5,30,24,34,38,38,31,37,18,12,40,4,35,10,26,37,39,15,40,24,20,6,13,36,35,21,35,11,25,31,38,27,40,38,22,22,36,50,12,16,35,22,20,17,8,35,25,28,23,38,46,36,13,25,20,13,14,26,19,40,20,5,19,26,35,6,30,26,37,33,37,22,36,37,35,38,35,34,18,23,14,12,0,28,12,23,38,3,39,27,22,18,37,40,4,20,59,35,26,23,36,36,17,36,12,38,40,38,26,42,33,35,22,39,38,24,33,37,21,25,18,22,28,39
Cliente_109,16,18,13,16,8,18,10,4,23,33,18,16,14,19,10,16,15,22,17,18,13,12,15,43,16,17,25,14,12,13,17,16,12,15,17,19,18,26,13,26,12,12,17,17,18,12,28,23,18,10,10,16,9,23,11,16,16,7,18,16,10,11,15,28,28,16,13,10,11,20,23,10,9,7,12,17,38,14,19,39,28,19,20,4,17,19,28,30,18,9,14,26,5,4,12,10,16,36,14,15,10,16,10,11,14,14,16,31,28,0,28,13,17,26,17,19,8,14,15,19,26,28,38,10,6,36,15,14,18,16,32,14,20,17,7,20,7,10,8,18,16,10,11,16,12,10,18,10,13,18
Cliente_110,38,36,18,37,24,39,34,29,12,14,24,38,37,14,34,38,33,13,38,22,33,22,21,31,20,38,8,23,18,34,36,37,31,36,12,13,39,8,34,7,22,37,38,18,39,18,13,11,18,34,34,15,35,12,21,27,37,23,39,38,23,24,35,50,1,18,34,23,23,10,13,34,21,27,22,38,40,36,12,27,13,17,15,26,14,36,13,12,12,22,35,8,30,26,36,33,35,24,36,36,34,37,34,34,23,17,22,15,10,28,0,19,36,11,38,21,27,23,36,40,12,13,59,34,26,25,34,36,21,33,13,37,36,34,23,42,33,34,24,36,38,20,32,35,23,21,16,23,20,37
Cliente_111,23,21,4,22,9,24,19,15,18,27,22,23,22,11,19,23,18,17,24,21,18,8,13,41,12,23,18,11,9,19,21,23,16,22,8,13,24,20,20,17,7,22,24,21,25,9,19,19,23,20,19,8,20,18,7,13,22,8,25,23,8,11,20,35,19,15,20,8,10,11,18,19,7,13,8,23,45,21,12,37,19,21,13,11,8,21,19,24,10,8,20,18,15,11,21,18,20,34,21,22,19,22,19,19,18,8,20,29,22,13,19,0,21,21,23,21,12,18,22,25,21,19,44,19,11,35,19,21,21,18,26,22,21,19,8,27,18,19,9,21,23,6,18,20,15,7,7,8,9,23
Cliente_112,14,8,22,21,18,15,10,16,32,43,31,14,9,29,10,23,4,32,15,31,6,21,24,53,26,17,35,20,21,8,0,16,22,13,25,29,16,36,18,35,18,8,14,30,19,21,37,33,30,9,10,24,13,33,21,21,14,16,22,14,21,22,8,27,36,26,12,21,21,28,32,10,17,14,21,17,34,12,29,48,37,33,30,17,26,10,37,40,26,17,16,36,18,15,8,15,4,46,11,16,10,14,10,15,27,22,29,41,38,17,36,21,0,36,14,23,21,27,12,16,36,37,36,10,14,46,5,17,30,6,42,9,8,6,15,18,15,10,18,8,14,20,14,5,25,19,27,21,19,5
Cliente_113,37,38,20,36,21,38,34,28,6,14,19,37,36,14,34,37,34,7,38,14,32,22,17,28,16,37,6,28,22,33,36,36,29,35,16,11,38,4,33,10,24,36,37,13,38,22,19,4,11,34,34,19,34,9,24,30,36,25,38,37,20,20,34,49,12,15,33,21,19,15,6,34,24,26,22,37,47,35,12,24,19,12,13,24,17,38,19,6,17,24,34,6,28,24,36,32,35,22,35,35,34,36,34,33,17,22,14,13,3,26,12,21,36,0,37,28,20,16,35,39,3,19,58,34,24,22,35,35,16,35,13,36,39,36,25,41,32,34,21,38,37,23,31,36,20,24,17,20,26,38
Cliente_114,6,11,25,13,19,8,13,16,35,45,30,9,10,31,13,20,12,34,5,30,12,24,27,55,28,10,37,25,24,13,12,8,18,10,29,31,8,38,15,38,23,10,4,30,11,24,40,35,30,12,13,28,12,35,23,26,6,19,14,9,22,24,11,19,40,28,8,22,23,32,35,13,20,18,24,10,32,4,31,51,40,31,32,17,29,12,40,42,29,20,14,38,15,18,12,13,13,48,8,12,13,6,13,13,26,25,28,43,40,17,40,25,12,38,0,28,21,26,4,8,38,40,28,13,19,48,13,10,30,12,44,10,16,13,19,10,14,13,19,11,6,22,11,14,24,22,30,22,24,12
Cliente_115,31,23,22,30,18,32,21,23,33,27,33,31,25,29,21,31,20,32,32,33,21,21,27,40,26,31,30,17,19,21,23,31,27,30,26,31,32,30,28,31,18,25,30,32,33,19,37,32,34,22,21,23,22,32,21,16,30,17,33,31,20,24,23,43,26,29,28,20,23,27,33,21,17,20,21,31,38,27,30,36,37,34,32,19,26,23,37,31,24,17,28,29,23,20,23,24,22,34,28,30,21,30,21,24,29,20,31,25,32,22,27,22,23,32,30,0,23,29,28,33,33,37,52,21,19,34,21,29,32,20,26,25,23,21,17,35,24,21,18,23,29,20,26,22,26,19,27,20,16,25
Cliente_116,19,20,13,18,9,20,17,11,16,23,12,19,18,15,17,19,19,18,20,12,17,10,7,33,12,19,19,15,13,17,21,18,12,18,17,14,20,19,16,22,11,18,20,11,20,13,26,16,11,17,17,16,16,18,9,16,18,11,21,19,9,5,19,31,26,10,16,8,6,20,15,17,12,11,10,19,41,17,14,29,26,13,15,8,17,22,26,23,19,12,16,20,11,8,19,14,20,26,17,18,17,18,17,15,8,14,10,21,20,8,26,13,21,19,19,23,0,8,18,21,18,26,40,17,10,27,20,17,11,20,23,18,24,21,11,23,14,17,9,20,19,9,13,20,6,11,16,9,13,22
Cliente_117,23,24,17,22,13,24,21,15,14,21,8,23,22,16,21,23,23,14,24,9,21,14,10,31,14,23,17,19,17,22,25,23,16,22,20,14,24,16,20,19,15,22,24,9,25,17,25,14,9,21,21,20,20,14,14,20,22,15,25,23,14,12,23,35,23,9,20,13,14,20,13,21,16,15,14,23,45,21,13,27,25,10,14,12,20,26,25,20,22,16,20,18,15,12,23,18,24,24,21,22,21,22,21,19,2,19,8,19,18,12,23,17,25,16,23,27,8,0,22,25,16,25,44,21,14,24,24,21,7,24,20,22,28,25,15,27,18,21,13,24,23,13,18,24,9,15,19,13,17,26
Cliente_118,9,9,23,15,17,10,11,14,33,43,28,10,8,29,11,18,10,32,8,28,10,22,25,53,26,12,35,23,22,11,10,10,16,9,27,29,9,36,13,36,21,8,5,28,12,22,38,34,28,10,11,26,10,33,21,24,9,17,16,10,20,22,9,21,38,26,8,20,21,30,33,11,19,16,22,12,30,2,29,49,38,29,30,15,27,10,38,40,27,18,12,36,13,16,10,11,11,46,6,11,11,9,11,11,25,23,26,41,38,15,38,23,10,36,5,26,19,24,0,10,36,38,30,11,17,47,11,12,28,11,42,8,14,11,17,12,12,11,17,9,4,21,9,12,22,20,28,20,22,10
Cliente_119,7,16,26,10,20,4,16,17,35,45,31,8,12,31,16,15,16,34,6,30,16,24,27,55,28,9,38,26,24,18,16,5,17,10,29,32,2,38,14,39,24,12,6,30,4,24,40,36,30,16,16,28,14,35,24,28,6,20,10,8,22,24,16,19,40,29,9,22,23,32,35,16,21,20,24,9,37,9,31,51,40,31,32,17,30,17,40,42,30,21,16,39,15,19,15,15,17,48,11,11,16,7,16,15,27,26,29,43,40,18,40,25,16,38,9,31,21,27,9,0,38,40,28,16,19,49,16,8,30,17,44,12,20,18,20,10,15,16,20,16,11,23,14,18,24,23,30,22,25,17
Cliente_120,36,37,20,35,20,37,33,28,6,12,18,36,35,13,33,36,33,6,36,13,31,21,16,27,15,36,5,27,21,32,35,35,28,34,16,10,37,5,32,9,24,35,36,12,37,21,18,4,10,33,33,18,33,9,23,29,35,24,38,36,20,20,33,48,13,14,32,20,18,15,5,33,23,26,21,36,45,34,11,23,18,11,12,24,16,37,18,8,16,24,33,6,28,23,35,31,34,20,34,34,33,35,33,32,16,21,12,11,4,25,13,20,35,3,36,25,19,16,34,38,0,18,57,33,24,20,34,34,15,34,11,35,38,35,24,40,31,33,20,37,36,22,30,34,19,23,16,20,26,37
Cliente_121,37,35,18,37,24,39,33,29,18,24,26,38,37,14,33,37,33,17,38,26,33,22,21,41,21,38,16,23,18,34,36,37,31,36,12,13,39,17,34,13,22,37,38,23,39,18,0,17,23,34,33,15,34,18,21,27,37,22,39,38,23,24,35,50,13,19,34,23,23,10,18,33,21,27,22,38,50,36,12,37,0,21,15,26,14,36,0,21,12,22,35,16,29,25,36,33,35,34,36,36,33,37,33,34,25,17,26,25,19,28,13,18,36,19,38,31,26,24,36,40,19,0,59,33,25,35,33,35,23,32,23,37,36,34,22,41,33,33,24,35,37,20,32,35,24,21,16,23,21,37
Cliente_122,29,38,47,33,41,30,38,38,56,67,52,32,34,53,38,37,38,56,28,52,38,45,48,76,50,32,59,48,46,40,38,29,38,33,50,53,30,60,36,60,46,34,30,51,30,46,62,57,52,38,38,50,36,56,45,49,30,41,33,32,44,46,38,23,62,50,31,43,45,54,56,38,42,41,45,32,59,32,53,72,62,53,53,38,51,39,62,64,51,42,37,60,37,40,37,36,39,70,33,34,38,30,38,37,48,47,50,64,61,39,62,47,38,60,32,53,42,48,31,31,60,62,0,38,40,70,38,30,52,39,66,34,42,40,41,29,36,38,41,38,33,44,36,40,46,44,52,43,46,39
Cliente_123,14,12,17,19,13,16,0,9,28,38,25,15,8,24,0,20,10,27,15,24,8,17,20,48,21,17,30,13,15,7,12,17,18,14,20,24,16,31,13,30,11,7,15,24,19,15,32,28,24,5,0,19,6,28,16,15,14,11,21,15,16,17,7,28,32,22,12,16,16,24,28,0,12,6,17,17,37,12,24,44,32,28,25,11,21,15,32,35,21,13,11,31,10,10,6,8,11,41,12,14,0,14,0,8,21,17,23,36,33,9,32,17,12,31,14,19,15,21,13,17,31,32,37,0,9,42,10,17,24,12,37,9,14,12,11,18,8,0,13,12,14,16,10,11,18,14,22,16,13,13
Cliente_124,16,17,11,16,5,18,13,8,19,30,18,17,16,16,13,16,14,19,17,18,12,8,11,40,12,17,22,12,10,12,16,16,12,15,15,16,18,23,13,24,10,16,17,17,18,10,26,20,17,14,13,14,13,20,8,14,16,4,18,17,8,9,14,29,26,13,13,8,8,18,19,13,6,6,8,17,39,15,16,35,26,20,16,4,15,17,26,27,15,6,14,23,8,4,15,12,15,33,15,15,13,16,13,13,14,11,16,28,24,6,26,11,16,23,17,17,8,14,15,19,23,26,38,13,0,33,14,14,17,14,29,16,17,16,4,20,12,13,5,17,16,7,11,15,12,8,16,8,11,17
Cliente_125,42,44,31,42,27,44,40,34,20,17,25,43,42,24,40,42,40,20,43,20,38,28,23,16,22,43,22,36,34,39,42,42,33,41,27,21,44,22,39,27,32,42,43,19,44,34,33,19,16,40,40,31,40,22,30,34,42,32,44,43,26,26,40,55,23,21,39,27,25,28,18,40,32,32,28,43,43,41,21,12,33,18,22,30,28,44,33,26,30,33,40,23,34,30,42,38,41,5,41,41,40,42,40,39,22,33,16,15,23,29,24,30,42,22,43,29,25,21,41,45,22,33,64,40,30,0,41,41,22,41,16,42,45,42,32,47,38,40,27,44,43,30,37,41,26,32,26,26,34,44
Cliente_126,14,7,20,21,15,15,10,17,30,40,28,14,9,26,10,23,1,30,15,28,5,19,22,50,23,17,33,17,18,8,6,16,23,13,23,26,16,33,18,33,15,8,15,28,19,18,35,31,28,9,10,22,14,30,18,18,13,14,22,14,18,19,8,27,34,24,12,18,18,26,30,10,15,12,19,17,33,13,26,46,35,31,27,15,24,8,35,37,24,15,16,34,18,12,8,16,5,43,11,16,10,13,10,16,25,20,26,38,35,15,34,19,6,33,15,21,19,24,13,16,33,35,36,10,12,44,0,17,28,4,40,9,6,4,13,18,16,10,15,7,14,18,13,5,23,17,24,18,16,8
Cliente_127,8,16,23,8,17,7,17,14,32,42,28,4,13,29,17,12,16,32,9,28,17,21,24,52,25,3,35,24,22,18,16,4,14,7,26,29,7,36,12,36,22,13,10,27,6,22,38,33,27,17,17,25,14,32,21,25,4,17,9,4,20,22,17,20,38,26,8,19,21,30,32,17,18,17,21,3,37,11,29,48,38,29,29,14,27,18,38,40,27,18,13,36,13,16,16,12,18,46,12,5,17,4,17,13,24,23,26,40,37,15,38,22,16,36,11,28,18,24,12,8,36,38,29,17,16,46,17,0,27,18,42,13,20,19,17,12,12,17,17,16,14,20,12,18,22,20,28,19,22,18
Cliente_128,27,28,21,26,16,28,25,19,10,20,6,27,26,13,25,27,30,9,28,12,27,17,12,30,11,27,12,23,21,28,32,26,20,26,17,11,28,13,24,15,19,26,28,9,28,21,22,11,11,25,25,20,24,10,17,24,26,22,29,27,16,16,30,39,18,10,24,16,14,17,10,25,20,22,17,27,49,25,10,26,22,9,11,16,17,30,22,17,19,20,24,13,19,16,27,22,30,23,25,26,25,26,25,23,7,23,10,18,15,16,18,20,32,13,27,32,12,7,26,29,13,22,48,25,20,24,30,25,0,30,19,26,34,32,19,31,22,25,16,28,27,17,21,31,12,19,16,16,21,33
Cliente_129,12,4,18,18,14,14,12,16,29,39,29,12,10,25,12,20,5,28,13,29,8,17,23,49,22,15,32,16,17,11,10,15,18,11,22,27,14,34,16,31,14,10,11,28,17,17,33,30,28,12,12,21,12,29,17,18,12,13,20,12,16,20,11,25,33,25,10,16,19,25,29,12,13,15,17,15,29,8,26,45,33,30,28,15,22,3,33,38,22,13,14,32,15,16,11,13,8,42,9,14,12,12,12,13,25,18,27,37,34,17,33,18,10,32,10,19,19,25,9,15,32,33,34,12,15,43,5,15,28,0,38,10,8,5,13,16,14,12,14,4,10,16,11,7,22,15,23,16,16,10
Cliente_130,45,36,25,44,29,46,34,36,15,2,26,45,39,19,34,44,34,15,46,22,36,29,25,28,23,45,12,26,27,34,37,44,37,43,21,17,46,11,41,13,26,38,43,21,46,27,22,14,18,35,34,24,35,14,28,24,44,30,46,45,28,28,38,57,12,22,41,30,27,19,16,34,28,34,29,45,38,41,17,24,22,20,20,32,22,37,22,13,21,29,42,11,36,32,38,40,36,21,41,43,34,44,34,37,23,26,18,3,13,31,13,26,37,13,43,18,27,23,41,47,11,22,66,34,32,22,34,42,24,34,0,39,37,35,29,49,40,34,29,36,43,27,39,36,27,28,21,28,25,38
Cliente_131,8,9,22,15,16,9,7,13,31,42,27,8,1,28,7,17,8,31,9,27,9,20,23,52,24,11,34,20,21,10,8,10,16,7,26,28,9,35,12,35,18,2,9,26,12,21,37,32,27,6,7,24,7,32,20,21,7,16,16,8,19,21,9,21,37,25,5,18,20,29,32,7,17,12,20,11,32,6,28,48,37,28,28,14,26,12,37,39,26,17,10,35,11,15,6,10,10,45,4,10,7,7,7,10,23,22,25,40,36,14,37,22,8,35,8,26,17,23,7,10,35,37,30,7,16,45,9,11,27,11,41,0,12,11,16,12,11,7,16,9,8,19,7,10,21,19,27,18,19,10
Cliente_132,16,12,18,24,14,18,12,19,29,39,29,16,11,25,12,26,6,29,17,29,8,18,23,49,22,19,32,16,17,11,9,19,23,16,22,27,18,34,20,32,15,11,17,28,21,17,33,30,28,12,12,21,16,29,17,18,16,14,24,16,16,20,10,30,33,25,14,16,20,25,29,12,13,16,18,19,34,14,27,45,33,30,28,15,22,11,33,38,22,14,19,32,19,16,10,18,8,42,14,18,12,16,12,18,25,18,27,37,34,19,33,18,9,32,17,20,19,25,15,19,32,33,39,12,16,43,7,19,28,9,39,11,0,9,14,20,18,12,14,12,16,16,16,8,23,15,23,16,16,10
Cliente_133,14,4,21,21,16,16,11,18,32,43,31,14,11,29,11,22,4,32,15,31,7,20,24,52,26,17,35,19,20,10,6,17,20,14,24,29,16,36,18,34,17,11,13,30,19,20,36,33,30,11,11,23,14,33,21,20,14,16,22,14,19,22,10,28,35,26,12,18,21,27,32,11,16,14,20,17,32,10,29,48,36,33,30,17,25,7,36,40,25,16,16,34,17,15,10,15,3,46,11,16,11,14,11,15,27,21,29,40,37,17,35,20,6,36,12,22,21,27,11,17,36,36,37,11,14,46,4,17,30,4,42,11,9,0,15,18,16,11,16,4,12,19,13,2,25,18,26,18,18,7
Cliente_134,19,15,8,19,5,20,12,8,22,32,20,19,16,17,12,19,12,22,20,20,11,8,14,42,13,20,23,10,7,12,15,19,15,18,12,17,21,24,16,22,7,16,20,19,21,7,24,23,19,13,12,11,14,22,8,12,18,2,21,19,7,11,13,31,23,16,16,7,10,15,22,12,4,5,8,20,42,17,17,38,24,23,19,6,12,15,24,28,13,4,16,22,10,4,15,14,14,35,17,18,12,18,12,16,16,9,18,30,26,6,23,8,15,25,20,15,10,16,18,22,25,24,40,12,4,36,13,17,19,12,30,16,15,13,0,23,11,12,5,15,19,7,14,14,13,6,13,7,8,16
Cliente_135,10,19,27,13,22,11,19,19,37,47,32,13,15,33,19,17,18,36,9,32,20,26,29,57,30,13,40,28,26,21,18,10,19,14,31,33,11,40,16,40,26,15,11,32,11,26,42,38,32,19,19,30,17,37,25,30,11,22,12,13,24,26,19,16,42,30,12,24,25,34,37,19,23,21,26,13,40,12,33,53,42,33,34,19,31,20,42,44,32,23,18,40,17,20,18,17,20,50,14,14,19,11,19,18,29,28,30,45,42,20,42,27,18,40,12,33,23,28,12,12,40,42,25,19,21,51,19,10,32,20,46,15,23,21,21,0,17,19,22,19,14,25,16,20,26,24,32,24,27,20
Cliente_136,14,14,18,14,12,16,7,6,27,38,22,14,10,24,7,15,15,27,15,22,12,16,19,47,20,15,30,14,16,12,14,14,14,13,21,24,16,31,12,31,12,10,15,22,16,16,33,28,22,7,7,19,5,28,16,15,14,11,16,14,15,15,12,27,32,21,12,15,16,24,27,7,12,6,16,15,36,12,24,43,33,23,24,9,22,17,33,35,21,13,11,31,8,8,10,6,16,41,12,14,7,14,7,7,19,17,20,35,32,6,32,17,14,31,15,21,13,18,13,17,31,33,36,7,9,41,15,12,22,17,37,11,19,17,10,18,0,7,12,14,14,15,10,16,16,14,23,15,13,16
Cliente_137,14,12,17,19,13,16,0,9,28,38,25,15,8,24,0,20,10,27,15,24,8,17,20,48,21,17,30,13,15,7,12,17,18,14,20,24,16,31,13,30,11,7,15,24,19,15,32,28,24,5,0,19,6,28,16,15,14,11,21,15,16,17,7,28,32,22,12,16,16,24,28,0,12,6,17,17,37,12,24,44,32,28,25,11,21,15,32,35,21,13,11,31,10,10,6,8,11,41,12,14,0,14,0,8,21,17,23,36,33,9,32,17,12,31,14,19,15,21,13,17,31,32,37,0,9,42,10,17,24,12,37,9,14,12,11,18,8,0,13,12,14,16,10,11,18,14,22,16,13,13
Cliente_138,19,18,8,19,0,21,17,11,15,26,17,20,19,12,17,19,16,15,20,17,16,4,10,35,8,20,18,9,8,16,19,19,12,18,11,15,21,19,16,21,5,19,20,17,21,8,22,16,17,18,17,11,16,16,4,11,19,7,21,20,2,6,18,32,22,12,16,2,6,14,15,17,6,10,4,20,42,18,14,31,22,16,13,8,12,19,22,23,13,6,17,19,11,8,20,15,18,29,18,18,17,19,17,16,14,9,15,23,20,9,22,7,19,19,20,19,8,13,18,22,19,22,41,17,8,29,16,17,17,16,25,19,19,17,7,23,15,17,0,18,19,3,14,18,11,6,12,2,7,20
Cliente_139,11,0,22,18,17,12,9,15,34,44,29,11,9,28,9,18,7,33,12,29,10,21,26,54,25,14,36,20,20,11,8,14,17,10,25,30,13,37,14,35,18,8,10,29,16,20,37,34,29,9,9,24,11,34,21,21,10,17,19,11,20,23,9,24,36,27,9,19,22,28,34,9,16,15,21,14,30,7,30,50,37,30,31,16,26,7,37,41,26,17,13,35,14,17,9,12,7,47,8,13,9,10,9,12,26,22,27,42,39,16,36,21,8,37,9,23,20,25,8,14,37,37,33,9,17,48,6,14,29,6,43,9,11,4,17,15,13,9,17,0,9,20,10,6,23,19,26,19,19,7
Cliente_140,11,10,24,17,19,11,12,16,34,44,30,12,9,30,12,19,12,34,10,29,11,23,26,54,27,14,37,24,24,12,12,12,17,11,28,31,11,37,15,38,23,9,8,29,14,24,40,35,29,12,12,27,11,34,23,26,11,19,17,12,21,23,11,23,39,28,9,21,22,31,34,12,20,17,23,14,31,5,30,50,40,30,31,16,29,11,40,41,29,20,13,38,14,18,11,12,12,47,8,13,12,11,12,12,26,25,28,42,39,17,39,24,12,37,8,28,20,26,5,12,37,40,32,12,18,48,12,14,29,12,44,9,16,12,19,14,13,12,19,10,0,22,10,14,23,22,30,21,24,11
Cliente_141,19,18,5,19,6,21,15,11,18,27,18,20,19,14,15,19,15,18,20,18,15,4,11,39,11,20,19,7,5,16,18,19,13,18,8,14,21,21,16,18,4,19,20,18,21,5,20,20,18,16,15,8,16,19,3,9,19,5,21,20,5,7,17,32,20,13,16,5,6,12,19,15,3,9,4,20,42,18,13,35,20,20,16,8,9,18,20,24,11,4,17,19,11,7,17,15,17,32,18,18,15,19,15,16,14,6,16,27,23,10,20,5,18,21,20,18,8,14,18,22,21,20,41,15,8,33,15,18,18,15,26,19,18,16,4,24,15,15,6,18,19,0,14,17,12,3,10,5,6,19
Cliente_142,8,10,18,12,12,10,8,9,28,38,23,8,8,24,8,13,11,27,9,23,12,16,19,48,21,10,30,19,17,13,11,11,12,6,22,24,10,31,7,31,17,8,9,22,13,17,33,28,23,8,8,21,4,28,16,20,8,12,14,8,15,17,12,21,33,21,4,15,16,25,28,8,13,11,16,10,30,6,24,44,33,24,25,10,22,11,33,35,22,13,5,31,8,11,10,6,12,41,6,6,8,8,8,5,19,18,21,36,32,10,33,18,11,31,9,24,14,19,7,11,31,33,30,8,12,41,12,10,23,11,37,8,15,13,12,12,7,8,12,10,8,15,0,13,17,15,23,15,18,13
Cliente_143,16,6,21,23,17,18,11,19,32,42,30,16,10,28,11,24,3,31,17,30,6,20,24,52,25,19,34,19,20,9,5,19,22,15,25,28,18,35,19,34,17,10,14,30,21,20,36,32,30,11,11,24,15,32,20,20,16,15,24,16,20,21,9,30,36,25,14,20,20,28,32,11,16,13,20,19,33,11,28,48,36,32,29,16,25,7,36,39,26,17,17,35,19,14,9,17,2,45,12,17,11,16,11,17,26,22,28,40,37,16,36,21,5,35,14,23,20,26,12,19,35,36,39,11,13,46,4,19,30,4,41,10,9,2,15,20,17,11,17,6,13,20,14,0,25,18,26,20,18,6
Cliente_144,23,26,16,23,10,25,22,15,16,26,13,24,23,12,22,23,23,15,24,13,20,11,4,36,9,24,18,18,16,21,25,23,17,22,16,12,25,19,20,20,14,23,24,12,25,16,24,17,13,23,22,18,20,16,13,20,23,15,25,24,10,8,22,36,24,10,20,10,7,19,16,22,15,15,11,24,46,22,12,32,24,14,13,13,16,26,24,23,18,15,21,19,15,13,24,19,24,29,22,22,22,23,22,20,9,18,11,24,21,13,24,14,25,19,24,26,8,9,22,26,19,24,45,22,13,30,23,21,12,23,25,23,27,25,14,27,18,22,10,26,23,12,18,24,0,14,13,10,16,26
Cliente_145,23,19,8,22,9,24,16,15,22,30,21,23,21,17,16,23,17,21,24,21,16,7,14,42,14,24,22,8,6,16,20,23,16,22,12,17,24,24,20,21,4,19,24,20,25,6,23,23,21,17,16,10,18,22,6,10,22,8,25,23,8,10,18,35,23,16,20,8,9,15,22,16,6,12,7,24,45,21,16,38,23,23,19,11,12,20,23,28,12,8,20,22,15,11,18,18,18,35,21,22,16,22,16,19,17,8,19,30,26,13,23,8,20,24,24,19,11,17,22,25,24,23,44,16,11,36,17,21,21,16,30,21,20,17,8,27,16,16,9,19,23,6,18,19,15,0,13,8,6,21
Cliente_146,28,26,8,28,14,30,24,20,13,24,21,28,27,7,24,28,24,12,29,21,24,12,12,36,10,28,16,16,12,24,27,28,22,27,5,8,30,17,25,15,12,27,29,18,30,12,17,14,18,25,24,8,25,13,12,18,28,13,30,28,14,13,26,40,16,14,25,13,11,8,13,24,12,18,12,28,50,26,8,32,17,16,9,16,5,27,17,21,7,13,26,15,20,16,26,23,25,30,26,27,24,28,24,24,20,11,22,24,19,18,16,7,27,17,29,26,16,20,27,30,17,17,50,24,16,30,24,26,18,23,23,28,27,24,13,32,23,24,14,26,28,11,23,26,13,12,0,13,14,28
Cliente_147,21,20,12,20,6,22,19,13,14,24,19,21,20,10,19,21,18,14,22,19,17,3,9,34,7,22,17,13,12,18,21,21,14,20,13,12,22,18,18,19,9,20,22,16,23,12,24,15,16,20,19,15,18,14,8,15,20,9,23,21,1,6,19,33,24,11,18,2,6,16,14,19,10,12,3,22,43,19,12,30,24,15,12,9,13,21,24,22,15,10,18,18,13,10,21,16,19,28,19,20,19,20,19,18,16,13,17,22,19,11,24,11,21,18,22,20,9,15,20,24,18,24,42,19,9,28,18,19,16,17,24,20,21,18,9,25,16,19,6,20,21,7,16,20,9,10,11,0,11,22
Cliente_148,22,17,8,21,8,23,14,14,21,30,21,22,18,17,14,22,14,21,23,21,13,7,14,42,14,22,22,3,3,14,17,22,16,20,10,17,23,24,19,21,2,17,22,20,24,3,21,23,20,14,14,7,15,22,6,7,21,8,24,22,8,10,15,34,20,16,18,8,9,11,22,14,5,9,7,22,44,20,16,38,21,22,19,10,12,17,21,27,9,8,19,22,14,11,16,17,16,35,20,21,14,21,14,17,17,5,19,30,26,13,20,8,17,24,22,15,11,17,20,24,24,21,43,14,10,36,15,20,20,14,29,18,17,15,8,26,13,14,8,17,22,6,16,16,15,5,13,8,0,18
Cliente_149,14,8,23,21,18,15,9,16,33,43,31,14,9,29,9,22,7,32,15,31,7,22,25,53,26,17,36,20,22,8,5,16,21,13,27,30,15,36,18,36,18,8,13,31,18,22,38,34,31,9,9,26,13,33,22,22,13,16,22,14,21,22,7,27,38,27,12,21,21,30,33,9,19,15,22,17,33,10,29,49,38,34,30,18,27,11,38,40,27,18,16,36,18,15,8,15,5,46,11,16,9,13,9,15,28,23,30,41,38,16,38,23,5,36,13,26,22,27,11,16,36,38,36,9,15,47,8,17,31,8,42,9,12,7,16,18,15,9,18,8,12,21,13,6,26,20,28,21,19,0
